--INSERT INTO HOURLY_RATE(Hr_ID , Rate) VALUES(1,50);
--INSERT INTO HOURLY_RATE(Hr_ID , Rate) VALUES(2,45);
--INSERT INTO HOURLY_RATE(Hr_ID , Rate) VALUES(3,40);
--INSERT INTO HOURLY_RATE(Hr_ID , Rate) VALUES(4,35);
--INSERT INTO HOURLY_RATE(Hr_ID , Rate) VALUES(5,30);
--
--INSERT INTO BUILDING(Building_ID , Build_Name, Buid_Type) VALUES('B1001','Kings Landing','Animal Exhibits');
--INSERT INTO BUILDING(Building_ID , Build_Name, Buid_Type) VALUES('B1002','Feathered Flyers Terminal','Aviaries');
--INSERT INTO BUILDING(Building_ID , Build_Name, Buid_Type) VALUES('B1003','Fishy Business Plaza','Aquariums');
--INSERT INTO BUILDING(Building_ID , Build_Name, Buid_Type) VALUES('B1004','Slither Inn','Reptile House');
--INSERT INTO BUILDING(Building_ID , Build_Name, Buid_Type) VALUES('B1005','Bug Bistro','Insectariums');
--INSERT INTO BUILDING(Building_ID , Build_Name, Buid_Type) VALUES('B1006','Conservaplex','Conservation Centers');
--INSERT INTO BUILDING(Building_ID , Build_Name, Buid_Type) VALUES('B1007','Penguin Paradise Pub','Penguin exhibit');
--INSERT INTO BUILDING(Building_ID , Build_Name, Buid_Type) VALUES('B1008','Turtleville Towers','Turtle habitat');
--INSERT INTO BUILDING(Building_ID , Build_Name, Buid_Type) VALUES('B1009','Chomp and Stomp Café','Restaurants and Cafes');
--INSERT INTO BUILDING(Building_ID , Build_Name, Buid_Type) VALUES('B1010','Zooper Souvenirs Emporium','Gift Shops');
--INSERT INTO BUILDING(Building_ID , Build_Name, Buid_Type) VALUES('B1011','Flutterby Fun Zone','Butterfly garden');
--INSERT INTO BUILDING(Building_ID , Build_Name, Buid_Type) VALUES('B1012','Zoo-topia Theater','Theaters and Show Arenas');
--
--
--INSERT INTO REVENUE_TYPES (RevenueTypes_ID, Rev_Name, Rev_Type, Building_ID) VALUES('RT101', 'Ticket Sales', 'General Admission', 'B1001');
--INSERT INTO REVENUE_TYPES (RevenueTypes_ID, Rev_Name, Rev_Type, Building_ID) VALUES('RT102', 'Bird House Revenue', 'Bird House Admission', 'B1002');
--INSERT INTO REVENUE_TYPES (RevenueTypes_ID, Rev_Name, Rev_Type, Building_ID) VALUES('RT103', 'Aquariums Revenue', 'Aquarium Admission', 'B1003');
--INSERT INTO REVENUE_TYPES (RevenueTypes_ID, Rev_Name, Rev_Type, Building_ID) VALUES('RT104', 'Reptiles Revenue', 'Reptile House Admission', 'B1004');
--INSERT INTO REVENUE_TYPES (RevenueTypes_ID, Rev_Name, Rev_Type, Building_ID) VALUES('RT105', 'Insectariums Revenue', 'Insectariums Admission', 'B1005');
--INSERT INTO REVENUE_TYPES (RevenueTypes_ID, Rev_Name, Rev_Type, Building_ID) VALUES('RT106', 'Conservation Revenue', 'Conservation Admission', 'B1006');
--INSERT INTO REVENUE_TYPES (RevenueTypes_ID, Rev_Name, Rev_Type, Building_ID) VALUES('RT107', 'Penguin Revenue', 'Penguin Admission', 'B1007');
--INSERT INTO REVENUE_TYPES (RevenueTypes_ID, Rev_Name, Rev_Type, Building_ID) VALUES('RT108', 'Turtle habitat Revenue', 'Turtle habitat Admission', 'B1008');
--INSERT INTO REVENUE_TYPES (RevenueTypes_ID, Rev_Name, Rev_Type, Building_ID) VALUES('RT109', 'Food Court', 'Food and Beverage', 'B1009');
--INSERT INTO REVENUE_TYPES (RevenueTypes_ID, Rev_Name, Rev_Type, Building_ID) VALUES('RT110', 'Gift Shop', 'Retail', 'B1010');
--INSERT INTO REVENUE_TYPES (RevenueTypes_ID, Rev_Name, Rev_Type, Building_ID) VALUES('RT111', 'Butterfly garden Ticket Sales', 'Butterfly garden Admission', 'B1011');
--INSERT INTO REVENUE_TYPES (RevenueTypes_ID, Rev_Name, Rev_Type, Building_ID) VALUES('RT112', 'Event Tickets', 'Events and Shows', 'B1012');
--
--
--INSERT INTO EMPLOYEE (Emp_ID, Start_Date, JobType, Fname, Minit, Lname, Street ,City, State_Name, PinCode, Hr_ID, Super_ID, RevenueTypes_ID) VALUES('563214789', TO_DATE('2022-01-01', 'YYYY-MM-DD'), 'Veterinarian', 'John', 'D', 'Doe', '123 Main St', 'New York', 'NY', '10001', 1, NULL, NULL);
--INSERT INTO EMPLOYEE (Emp_ID, Start_Date, JobType, Fname, Minit, Lname, Street ,City, State_Name, PinCode, Hr_ID, Super_ID, RevenueTypes_ID) VALUES('890456132', TO_DATE('2022-02-01', 'YYYY-MM-DD'), 'Animal Care', 'Jane', 'A', 'Smith', '456 Oak St', 'Los Angeles', 'CA', '90001', 2, '563214789', NULL);
--INSERT INTO EMPLOYEE (Emp_ID, Start_Date, JobType, Fname, Minit, Lname, Street ,City, State_Name, PinCode, Hr_ID, Super_ID, RevenueTypes_ID) VALUES('123987654', TO_DATE('2022-03-01', 'YYYY-MM-DD'), 'Veterinarian', 'Bob', 'B', 'Johnson', '789 Pine St', 'Chicago', 'IL', '60601', 1, NULL, NULL);
--INSERT INTO EMPLOYEE (Emp_ID, Start_Date, JobType, Fname, Minit, Lname, Street ,City, State_Name, PinCode, Hr_ID, Super_ID, RevenueTypes_ID) VALUES('657890432', TO_DATE('2022-04-01', 'YYYY-MM-DD'), 'Maintanance', 'Alice', 'C', 'Williams', '101 Maple St', 'Houston', 'TX', '77001', 3, NULL, NULL);
--INSERT INTO EMPLOYEE (Emp_ID, Start_Date, JobType, Fname, Minit, Lname, Street ,City, State_Name, PinCode, Hr_ID, Super_ID, RevenueTypes_ID) VALUES('214356789', TO_DATE('2022-05-01', 'YYYY-MM-DD'), 'Ticket Seller', 'David', 'E', 'Jones', '202 Cedar St', 'Phoenix', 'AZ', '85001', 4, NULL, 'RT101');
--INSERT INTO EMPLOYEE (Emp_ID, Start_Date, JobType, Fname, Minit, Lname, Street ,City, State_Name, PinCode, Hr_ID, Super_ID, RevenueTypes_ID) VALUES('987654321', TO_DATE('2022-06-01', 'YYYY-MM-DD'), 'Veterinarian', 'Eva', 'F', 'Brown', '303 Elm St', 'Philadelphia', 'PA', '19101', 1, NULL, NULL);
--INSERT INTO EMPLOYEE (Emp_ID, Start_Date, JobType, Fname, Minit, Lname, Street ,City, State_Name, PinCode, Hr_ID, Super_ID, RevenueTypes_ID) VALUES('345678901', TO_DATE('2022-07-01', 'YYYY-MM-DD'), 'Maintanance', 'Frank', 'G', 'Miller', '404 Birch St', 'San Antonio', 'TX', '78201', 3, '657890432', NULL);
--INSERT INTO EMPLOYEE (Emp_ID, Start_Date, JobType, Fname, Minit, Lname, Street ,City, State_Name, PinCode, Hr_ID, Super_ID, RevenueTypes_ID) VALUES('876543210', TO_DATE('2022-08-01', 'YYYY-MM-DD'), 'CustomerService', 'Grace', 'H', 'Davis', '505 Oak St', 'San Diego', 'CA', '92101', 5, NULL, NULL);
--INSERT INTO EMPLOYEE (Emp_ID, Start_Date, JobType, Fname, Minit, Lname, Street ,City, State_Name, PinCode, Hr_ID, Super_ID, RevenueTypes_ID) VALUES('109876543', TO_DATE('2022-09-01', 'YYYY-MM-DD'), 'Animal Care', 'Henry', 'I', 'Taylor', '606 Pine St', 'Dallas', 'TX', '75201', 2, '563214789', NULL);
--INSERT INTO EMPLOYEE (Emp_ID, Start_Date, JobType, Fname, Minit, Lname, Street ,City, State_Name, PinCode, Hr_ID, Super_ID, RevenueTypes_ID) VALUES('432109876', TO_DATE('2022-10-01', 'YYYY-MM-DD'), 'Ticket Seller', 'Ivy', 'J', 'Anderson', '707 Cedar St', 'San Jose', 'CA', '95101', 4, NULL, 'RT102');
--INSERT INTO EMPLOYEE (Emp_ID, Start_Date, JobType, Fname, Minit, Lname, Street ,City, State_Name, PinCode, Hr_ID, Super_ID, RevenueTypes_ID) VALUES('765432109', TO_DATE('2022-11-01', 'YYYY-MM-DD'), 'Veterinarian', 'Jack', 'K', 'Wilson', '808 Elm St', 'Austin', 'TX', '73301', 1, NULL, NULL);
--INSERT INTO EMPLOYEE (Emp_ID, Start_Date, JobType, Fname, Minit, Lname, Street ,City, State_Name, PinCode, Hr_ID, Super_ID, RevenueTypes_ID) VALUES('210987654', TO_DATE('2022-12-01', 'YYYY-MM-DD'), 'Ticket Seller', 'Katie', 'L', 'Moore', '909 Birch St', 'Jacksonville', 'FL', '32201', 4, NULL, 'RT103');
--INSERT INTO EMPLOYEE (Emp_ID, Start_Date, JobType, Fname, Minit, Lname, Street ,City, State_Name, PinCode, Hr_ID, Super_ID, RevenueTypes_ID) VALUES('543210987', TO_DATE('2023-01-01', 'YYYY-MM-DD'), 'Animal Care', 'Leo', 'M', 'Martin', '1010 Oak St', 'Indianapolis', 'IN', '46201', 2, '123987654', NULL);
--INSERT INTO EMPLOYEE (Emp_ID, Start_Date, JobType, Fname, Minit, Lname, Street ,City, State_Name, PinCode, Hr_ID, Super_ID, RevenueTypes_ID) VALUES('678901234', TO_DATE('2023-02-01', 'YYYY-MM-DD'), 'Ticket Seller', 'Mia', 'N', 'Clark', '1111 Pine St', 'San Francisco', 'CA', '94101', 4, NULL,'RT104');
--INSERT INTO EMPLOYEE (Emp_ID, Start_Date, JobType, Fname, Minit, Lname, Street ,City, State_Name, PinCode, Hr_ID, Super_ID, RevenueTypes_ID) VALUES('321098765', TO_DATE('2023-03-01', 'YYYY-MM-DD'), 'CustomerService', 'Mike', 'O', 'Connor', '333 Pine St', 'Columbus', 'OH', '43201', 5, '876543210', NULL);
--INSERT INTO EMPLOYEE (Emp_ID, Start_Date, JobType, Fname, Minit, Lname, Street ,City, State_Name, PinCode, Hr_ID, Super_ID, RevenueTypes_ID) VALUES('876543219', TO_DATE('2023-04-01', 'YYYY-MM-DD'), 'Animal Care', 'Natalie', 'P', 'Perez', '444 Cedar Dr', 'Charlotte', 'NC', '28201', 2, '987654321', NULL);
--INSERT INTO EMPLOYEE (Emp_ID, Start_Date, JobType, Fname, Minit, Lname, Street ,City, State_Name, PinCode, Hr_ID, Super_ID, RevenueTypes_ID) VALUES('432109875', TO_DATE('2023-05-01', 'YYYY-MM-DD'), 'CustomerService', 'Oscar', 'Q', 'Quinn', '555 Elm Ln', 'San Francisco', 'CA', '94101', 5, '876543210', NULL);
--INSERT INTO EMPLOYEE (Emp_ID, Start_Date, JobType, Fname, Minit, Lname, Street ,City, State_Name, PinCode, Hr_ID, Super_ID, RevenueTypes_ID) VALUES('987654310', TO_DATE('2023-06-01', 'YYYY-MM-DD'), 'Maintanance', 'Paula', 'R', 'Ramirez', '666 Maple Rd', 'Seattle', 'WA', '98101', 3, '657890432', NULL);
--INSERT INTO EMPLOYEE (Emp_ID, Start_Date, JobType, Fname, Minit, Lname, Street ,City, State_Name, PinCode, Hr_ID, Super_ID, RevenueTypes_ID) VALUES('234567890', TO_DATE('2023-07-01', 'YYYY-MM-DD'), 'Animal Care', 'Quincy', 'S', 'Sullivan', '777 Pine Ave', 'Denver', 'CO', '80201', 2, '765432109', NULL);
--INSERT INTO EMPLOYEE (Emp_ID, Start_Date, JobType, Fname, Minit, Lname, Street ,City, State_Name, PinCode, Hr_ID, Super_ID, RevenueTypes_ID) VALUES('890123456', TO_DATE('2023-08-01', 'YYYY-MM-DD'), 'Maintanance', 'Rachel', 'T', 'Thomas', '888 Cedar Blvd', 'Las Vegas', 'NV', '89101', 3, '657890432', NULL);
--INSERT INTO EMPLOYEE (Emp_ID, Start_Date, JobType, Fname, Minit, Lname, Street ,City, State_Name, PinCode, Hr_ID, Super_ID, RevenueTypes_ID) VALUES('871123219', TO_DATE('2024-09-01', 'YYYY-MM-DD'), 'Ticket Seller', 'Sam', 'U', 'Smith', '999 Oak St', 'Miami', 'FL', '33101', 4, NULL, 'RT105');
--INSERT INTO EMPLOYEE (Emp_ID, Start_Date, JobType, Fname, Minit, Lname, Street ,City, State_Name, PinCode, Hr_ID, Super_ID, RevenueTypes_ID) VALUES('876543112', TO_DATE('2024-10-01', 'YYYY-MM-DD'), 'Ticket Seller', 'Tina', 'V', 'Taylor', '123 Elm Ave', 'Minneapolis', 'MN', '55401', 4, NULL, 'RT106');
--INSERT INTO EMPLOYEE (Emp_ID, Start_Date, JobType, Fname, Minit, Lname, Street ,City, State_Name, PinCode, Hr_ID, Super_ID, RevenueTypes_ID) VALUES('112543219', TO_DATE('2024-11-01', 'YYYY-MM-DD'), 'Ticket Seller', 'Ulysses', 'W', 'Williams', '456 Pine Ln', 'Portland', 'OR', '97201', 4, NULL, 'RT107');
--INSERT INTO EMPLOYEE (Emp_ID, Start_Date, JobType, Fname, Minit, Lname, Street ,City, State_Name, PinCode, Hr_ID, Super_ID, RevenueTypes_ID) VALUES('811243219', TO_DATE('2024-12-01', 'YYYY-MM-DD'), 'Ticket Seller', 'Victoria', 'X', 'Jones', '789 Cedar Dr', 'Atlanta', 'GA', '30301', 4, NULL, 'RT108');
--INSERT INTO EMPLOYEE (Emp_ID, Start_Date, JobType, Fname, Minit, Lname, Street ,City, State_Name, PinCode, Hr_ID, Super_ID, RevenueTypes_ID) VALUES('432100006', TO_DATE('2025-01-01', 'YYYY-MM-DD'), 'Ticket Seller', 'Walter', 'Y', 'Young', '101 Maple Blvd', 'Detroit', 'MI', '48201', 4, NULL, 'RT109');
--INSERT INTO EMPLOYEE (Emp_ID, Start_Date, JobType, Fname, Minit, Lname, Street ,City, State_Name, PinCode, Hr_ID, Super_ID, RevenueTypes_ID) VALUES('411109876', TO_DATE('2025-02-01', 'YYYY-MM-DD'), 'Ticket Seller', 'Xena', 'Z', 'Zhang', '202 Oak Ave', 'San Francisco', 'CA', '94101', 4, NULL, 'RT110');
--INSERT INTO EMPLOYEE (Emp_ID, Start_Date, JobType, Fname, Minit, Lname, Street ,City, State_Name, PinCode, Hr_ID, Super_ID, RevenueTypes_ID) VALUES('111109876', TO_DATE('2025-03-01', 'YYYY-MM-DD'), 'Ticket Seller', 'Yvonne', 'A', 'Adams', '303 Pine St', 'Houston', 'TX', '77001', 4, NULL, 'RT111');
--INSERT INTO EMPLOYEE (Emp_ID, Start_Date, JobType, Fname, Minit, Lname, Street ,City, State_Name, PinCode, Hr_ID, Super_ID, RevenueTypes_ID) VALUES('432111876', TO_DATE('2025-04-01', 'YYYY-MM-DD'), 'Ticket Seller', 'Zachary', 'B', 'Brown', '404 Elm Ln', 'Chicago', 'IL', '60601', 4, NULL, 'RT112');
--INSERT INTO EMPLOYEE (Emp_ID, Start_Date, JobType, Fname, Minit, Lname, Street ,City, State_Name, PinCode, Hr_ID, Super_ID, RevenueTypes_ID) VALUES('120987654', TO_DATE('2025-05-01', 'YYYY-MM-DD'), 'Maintanance', 'Olivia', 'C', 'Chen', '505 Cedar Rd', 'Phoenix', 'AZ', '85001', 3, '657890432', NULL);
--INSERT INTO EMPLOYEE (Emp_ID, Start_Date, JobType, Fname, Minit, Lname, Street ,City, State_Name, PinCode, Hr_ID, Super_ID, RevenueTypes_ID) VALUES('123981112', TO_DATE('2025-06-01', 'YYYY-MM-DD'), 'CustomerService', 'Elijah', 'D', 'Davis', '606 Pine Ct', 'Seattle', 'WA', '98101', 5, '876543210', NULL);
--
--
--INSERT INTO SPECIES (Spc_ID, Spc_Name, Food_Cost) VALUES('S001', 'Lion', 500);
--INSERT INTO SPECIES (Spc_ID, Spc_Name, Food_Cost) VALUES('S002', 'Tiger', 550);
--INSERT INTO SPECIES (Spc_ID, Spc_Name, Food_Cost) VALUES('S003', 'Elephant', 700);
--INSERT INTO SPECIES (Spc_ID, Spc_Name, Food_Cost) VALUES('S004', 'Giraffe', 400);
--INSERT INTO SPECIES (Spc_ID, Spc_Name, Food_Cost) VALUES('S005', 'Zebra', 350);
--INSERT INTO SPECIES (Spc_ID, Spc_Name, Food_Cost) VALUES('S006', 'Gorilla', 300);
--INSERT INTO SPECIES (Spc_ID, Spc_Name, Food_Cost) VALUES('S007', 'Kangaroo', 250);
--INSERT INTO SPECIES (Spc_ID, Spc_Name, Food_Cost) VALUES('S008', 'Cheetah', 150);
--INSERT INTO SPECIES (Spc_ID, Spc_Name, Food_Cost) VALUES('S009', 'Direwolf', 600);
--INSERT INTO SPECIES (Spc_ID, Spc_Name, Food_Cost) VALUES('S010', 'Koala', 200);
--INSERT INTO SPECIES (Spc_ID, Spc_Name, Food_Cost) VALUES('S011', 'Hippopotamus', 450);
--INSERT INTO SPECIES (Spc_ID, Spc_Name, Food_Cost) VALUES('S012', 'Rhinoceros', 480);
--INSERT INTO SPECIES (Spc_ID, Spc_Name, Food_Cost) VALUES('S013', 'Camel', 550);
--INSERT INTO SPECIES (Spc_ID, Spc_Name, Food_Cost) VALUES('S014', 'Leopard', 400);
--INSERT INTO SPECIES (Spc_ID, Spc_Name, Food_Cost) VALUES('S015', 'Wolf', 300);
--INSERT INTO SPECIES (Spc_ID, Spc_Name, Food_Cost) VALUES('S016', 'Peacock', 500);
--INSERT INTO SPECIES (Spc_ID, Spc_Name, Food_Cost) VALUES('S017', 'Eagle', 350);
--INSERT INTO SPECIES (Spc_ID, Spc_Name, Food_Cost) VALUES('S018', 'Sparrow', 200);
--INSERT INTO SPECIES (Spc_ID, Spc_Name, Food_Cost) VALUES('S019', 'Flamingo', 600);
--INSERT INTO SPECIES (Spc_ID, Spc_Name, Food_Cost) VALUES('S020', 'Hawk', 480);
--INSERT INTO SPECIES (Spc_ID, Spc_Name, Food_Cost) VALUES('S021', 'Hornbill', 100);
--INSERT INTO SPECIES (Spc_ID, Spc_Name, Food_Cost) VALUES('S022', 'Kookaburra', 120);
--INSERT INTO SPECIES (Spc_ID, Spc_Name, Food_Cost) VALUES('S023', 'Owl', 280);
--INSERT INTO SPECIES (Spc_ID, Spc_Name, Food_Cost) VALUES('S024', 'Macaw', 180);
--INSERT INTO SPECIES (Spc_ID, Spc_Name, Food_Cost) VALUES('S025', 'Parrot', 520);
--INSERT INTO SPECIES (Spc_ID, Spc_Name, Food_Cost) VALUES('S026', 'Sloth', 220);
--INSERT INTO SPECIES (Spc_ID, Spc_Name, Food_Cost) VALUES('S027', 'Woodpecker', 320);
--INSERT INTO SPECIES (Spc_ID, Spc_Name, Food_Cost) VALUES('S028', 'KingFisher', 200);
--INSERT INTO SPECIES (Spc_ID, Spc_Name, Food_Cost) VALUES('S029', 'Pelican', 180);
--INSERT INTO SPECIES (Spc_ID, Spc_Name, Food_Cost) VALUES('S030', 'Swan', 120);
--INSERT INTO SPECIES (Spc_ID, Spc_Name, Food_Cost) VALUES('S031', 'Octopus', 250);
--INSERT INTO SPECIES (Spc_ID, Spc_Name, Food_Cost) VALUES('S032', 'Lobster', 300);
--INSERT INTO SPECIES (Spc_ID, Spc_Name, Food_Cost) VALUES('S033', 'Jellyfish', 400);
--INSERT INTO SPECIES (Spc_ID, Spc_Name, Food_Cost) VALUES('S034', 'Starfish', 150);
--INSERT INTO SPECIES (Spc_ID, Spc_Name, Food_Cost) VALUES('S035', 'Goldfish', 100);
--INSERT INTO SPECIES (Spc_ID, Spc_Name, Food_Cost) VALUES('S036', 'Dolphin', 200);
--INSERT INTO SPECIES (Spc_ID, Spc_Name, Food_Cost) VALUES('S037', 'Shark', 180);
--INSERT INTO SPECIES (Spc_ID, Spc_Name, Food_Cost) VALUES('S038', 'Crab', 520);
--INSERT INTO SPECIES (Spc_ID, Spc_Name, Food_Cost) VALUES('S039', 'Stingray ', 450);
--INSERT INTO SPECIES (Spc_ID, Spc_Name, Food_Cost) VALUES('S040', 'Eel', 120);
--INSERT INTO SPECIES (Spc_ID, Spc_Name, Food_Cost) VALUES('S041', 'Beetles', 100);
--INSERT INTO SPECIES (Spc_ID, Spc_Name, Food_Cost) VALUES('S042', 'Ants', 150);
--INSERT INTO SPECIES (Spc_ID, Spc_Name, Food_Cost) VALUES('S043', 'Honeybees', 80);
--INSERT INTO SPECIES (Spc_ID, Spc_Name, Food_Cost) VALUES('S044', 'Dragonflies', 90);
--INSERT INTO SPECIES (Spc_ID, Spc_Name, Food_Cost) VALUES('S045', 'Mantises', 280);
--INSERT INTO SPECIES (Spc_ID, Spc_Name, Food_Cost) VALUES('S046', 'Cockroaches', 300);
--INSERT INTO SPECIES (Spc_ID, Spc_Name, Food_Cost) VALUES('S047', 'Stick Insects', 70);
--INSERT INTO SPECIES (Spc_ID, Spc_Name, Food_Cost) VALUES('S048', 'Walking Sticks', 180);
--INSERT INTO SPECIES (Spc_ID, Spc_Name, Food_Cost) VALUES('S049', 'Ladybugs', 220);
--INSERT INTO SPECIES (Spc_ID, Spc_Name, Food_Cost) VALUES('S050', 'Grasshoppers', 350);
--INSERT INTO SPECIES (Spc_ID, Spc_Name, Food_Cost) VALUES('S051', 'Tarantulas', 280);
--INSERT INTO SPECIES (Spc_ID, Spc_Name, Food_Cost) VALUES('S052', 'Scorpions', 200);
--INSERT INTO SPECIES (Spc_ID, Spc_Name, Food_Cost) VALUES('S053', 'Moths', 150);
--INSERT INTO SPECIES (Spc_ID, Spc_Name, Food_Cost) VALUES('S054', 'Chameleon', 90);
--INSERT INTO SPECIES (Spc_ID, Spc_Name, Food_Cost) VALUES('S055', 'Cicadas', 480);
--INSERT INTO SPECIES (Spc_ID, Spc_Name, Food_Cost) VALUES('S056', 'Amur Leopard', 80);
--INSERT INTO SPECIES (Spc_ID, Spc_Name, Food_Cost) VALUES('S057', 'Vaquita ', 250);
--INSERT INTO SPECIES (Spc_ID, Spc_Name, Food_Cost) VALUES('S058', 'Javan Rhino', 120);
--INSERT INTO SPECIES (Spc_ID, Spc_Name, Food_Cost) VALUES('S059', 'Blue Whale', 200);
--INSERT INTO SPECIES (Spc_ID, Spc_Name, Food_Cost) VALUES('S060', 'Vulture', 120);
--INSERT INTO SPECIES (Spc_ID, Spc_Name, Food_Cost) VALUES('S061', 'Red Wolf ', 100);
--INSERT INTO SPECIES (Spc_ID, Spc_Name, Food_Cost) VALUES('S062', 'Kakapo ', 400);
--INSERT INTO SPECIES (Spc_ID, Spc_Name, Food_Cost) VALUES('S063', 'Houston Toad ', 70);
--INSERT INTO SPECIES (Spc_ID, Spc_Name, Food_Cost) VALUES('S064', 'Golden Lion Tamarin', 150);
--INSERT INTO SPECIES (Spc_ID, Spc_Name, Food_Cost) VALUES('S065', 'Bali Mynah', 180);
--INSERT INTO SPECIES (Spc_ID, Spc_Name, Food_Cost) VALUES('S066', 'Mud Turtle', 80);
--INSERT INTO SPECIES (Spc_ID, Spc_Name, Food_Cost) VALUES('S067', 'Alligator Snapping Turtle ', 70);
--INSERT INTO SPECIES (Spc_ID, Spc_Name, Food_Cost) VALUES('S068', 'Red-Eared Slider', 200);
--INSERT INTO SPECIES (Spc_ID, Spc_Name, Food_Cost) VALUES('S069', 'Hawksbill Sea Turtle', 150);
--INSERT INTO SPECIES (Spc_ID, Spc_Name, Food_Cost) VALUES('S070', 'Box Turtle ', 350);
--INSERT INTO SPECIES (Spc_ID, Spc_Name, Food_Cost) VALUES('S071', 'Leatherback Sea Turtle', 280);
--INSERT INTO SPECIES (Spc_ID, Spc_Name, Food_Cost) VALUES('S072', 'Snapping Turtle', 90);
--INSERT INTO SPECIES (Spc_ID, Spc_Name, Food_Cost) VALUES('S073', 'Green Sea Turtle', 100);
--INSERT INTO SPECIES (Spc_ID, Spc_Name, Food_Cost) VALUES('S074', 'Painted Turtle', 220);
--INSERT INTO SPECIES (Spc_ID, Spc_Name, Food_Cost) VALUES('S075', 'Loggerhead Sea Turtle', 200);
--INSERT INTO SPECIES (Spc_ID, Spc_Name, Food_Cost) VALUES('S076', 'Emperor Penguin', 120);
--INSERT INTO SPECIES (Spc_ID, Spc_Name, Food_Cost) VALUES('S077', 'King Penguin', 100);
--INSERT INTO SPECIES (Spc_ID, Spc_Name, Food_Cost) VALUES('S078', 'Adélie Penguin ', 300);
--INSERT INTO SPECIES (Spc_ID, Spc_Name, Food_Cost) VALUES('S079', 'Chinstrap Penguin', 450);
--INSERT INTO SPECIES (Spc_ID, Spc_Name, Food_Cost) VALUES('S080', 'Gentoo Penguin', 520);
--INSERT INTO SPECIES (Spc_ID, Spc_Name, Food_Cost) VALUES('S081', 'Monarch Butterfly', 70);
--INSERT INTO SPECIES (Spc_ID, Spc_Name, Food_Cost) VALUES('S082', 'Swallowtail Butterfly', 220);
--INSERT INTO SPECIES (Spc_ID, Spc_Name, Food_Cost) VALUES('S083', 'Painted Lady Butterfly', 120);
--INSERT INTO SPECIES (Spc_ID, Spc_Name, Food_Cost) VALUES('S084', 'Blue Morpho Butterfly', 100);
--INSERT INTO SPECIES (Spc_ID, Spc_Name, Food_Cost) VALUES('S085', 'Peacock Butterfly', 250);
--INSERT INTO SPECIES (Spc_ID, Spc_Name, Food_Cost) VALUES('S086', 'Red Admiral Butterfly', 300);
--INSERT INTO SPECIES (Spc_ID, Spc_Name, Food_Cost) VALUES('S087', 'Common Tiger Butterfly', 80);
--INSERT INTO SPECIES (Spc_ID, Spc_Name, Food_Cost) VALUES('S088', 'Eastern Tailed-Blue Butterfly', 180);
--INSERT INTO SPECIES (Spc_ID, Spc_Name, Food_Cost) VALUES('S089', 'Black Swallowtail Butterfly', 350);
--INSERT INTO SPECIES (Spc_ID, Spc_Name, Food_Cost) VALUES('S090', 'Orange-tip Butterfly', 80);
--INSERT INTO SPECIES (Spc_ID, Spc_Name, Food_Cost) VALUES('S091', 'Galapagos Tortoise', 150);
--INSERT INTO SPECIES (Spc_ID, Spc_Name, Food_Cost) VALUES('S092', 'Nile Crocodile ', 70);
--INSERT INTO SPECIES (Spc_ID, Spc_Name, Food_Cost) VALUES('S093', 'Tuatara', 100);
--INSERT INTO SPECIES (Spc_ID, Spc_Name, Food_Cost) VALUES('S094', 'Gopher Snake', 180);
--INSERT INTO SPECIES (Spc_ID, Spc_Name, Food_Cost) VALUES('S095', 'Komodo Dragon', 120);
--INSERT INTO SPECIES (Spc_ID, Spc_Name, Food_Cost) VALUES('S096', 'Leopard Gecko', 250);
--INSERT INTO SPECIES (Spc_ID, Spc_Name, Food_Cost) VALUES('S097', 'American Alligator', 300);
--INSERT INTO SPECIES (Spc_ID, Spc_Name, Food_Cost) VALUES('S098', 'Ball Python', 220);
--INSERT INTO SPECIES (Spc_ID, Spc_Name, Food_Cost) VALUES('S099', 'Green Iguana', 150);
--INSERT INTO SPECIES (Spc_ID, Spc_Name, Food_Cost) VALUES('S100', 'Viper', 500);
--
--INSERT INTO ENCLOSURE (Enc_ID, Sq_ft, Building_ID) VALUES ('EC001', 350, 'B1001');
--INSERT INTO ENCLOSURE (Enc_ID, Sq_ft, Building_ID) VALUES ('EC002', 450, 'B1001');
--INSERT INTO ENCLOSURE (Enc_ID, Sq_ft, Building_ID) VALUES ('EC003', 550, 'B1001');
--INSERT INTO ENCLOSURE (Enc_ID, Sq_ft, Building_ID) VALUES ('EC004', 650, 'B1001');
--INSERT INTO ENCLOSURE (Enc_ID, Sq_ft, Building_ID) VALUES ('EC005', 750, 'B1001');
--INSERT INTO ENCLOSURE (Enc_ID, Sq_ft, Building_ID) VALUES ('EC006', 850, 'B1001');
--INSERT INTO ENCLOSURE (Enc_ID, Sq_ft, Building_ID) VALUES ('EC007', 950, 'B1001');
--INSERT INTO ENCLOSURE (Enc_ID, Sq_ft, Building_ID) VALUES ('EC008', 550, 'B1001');
--INSERT INTO ENCLOSURE (Enc_ID, Sq_ft, Building_ID) VALUES ('EC009', 650, 'B1001');
--INSERT INTO ENCLOSURE (Enc_ID, Sq_ft, Building_ID) VALUES ('EC010', 750, 'B1001');
--INSERT INTO ENCLOSURE (Enc_ID, Sq_ft, Building_ID) VALUES ('EC011', 850, 'B1001');
--INSERT INTO ENCLOSURE (Enc_ID, Sq_ft, Building_ID) VALUES ('EC012', 950, 'B1001');
--INSERT INTO ENCLOSURE (Enc_ID, Sq_ft, Building_ID) VALUES ('EC013', 550, 'B1001');
--INSERT INTO ENCLOSURE (Enc_ID, Sq_ft, Building_ID) VALUES ('EC014', 650, 'B1001');
--INSERT INTO ENCLOSURE (Enc_ID, Sq_ft, Building_ID) VALUES ('EC015', 750, 'B1001');
--INSERT INTO ENCLOSURE (Enc_ID, Sq_ft, Building_ID) VALUES ('EC016', 850, 'B1002');
--INSERT INTO ENCLOSURE (Enc_ID, Sq_ft, Building_ID) VALUES ('EC017', 950, 'B1002');
--INSERT INTO ENCLOSURE (Enc_ID, Sq_ft, Building_ID) VALUES ('EC018', 550, 'B1002');
--INSERT INTO ENCLOSURE (Enc_ID, Sq_ft, Building_ID) VALUES ('EC019', 650, 'B1002');
--INSERT INTO ENCLOSURE (Enc_ID, Sq_ft, Building_ID) VALUES ('EC020', 750, 'B1002');
--INSERT INTO ENCLOSURE (Enc_ID, Sq_ft, Building_ID) VALUES ('EC021', 350, 'B1002');
--INSERT INTO ENCLOSURE (Enc_ID, Sq_ft, Building_ID) VALUES ('EC022', 450, 'B1002');
--INSERT INTO ENCLOSURE (Enc_ID, Sq_ft, Building_ID) VALUES ('EC023', 550, 'B1002');
--INSERT INTO ENCLOSURE (Enc_ID, Sq_ft, Building_ID) VALUES ('EC024', 650, 'B1002');
--INSERT INTO ENCLOSURE (Enc_ID, Sq_ft, Building_ID) VALUES ('EC025', 750, 'B1002');
--INSERT INTO ENCLOSURE (Enc_ID, Sq_ft, Building_ID) VALUES ('EC026', 850, 'B1002');
--INSERT INTO ENCLOSURE (Enc_ID, Sq_ft, Building_ID) VALUES ('EC027', 950, 'B1002');
--INSERT INTO ENCLOSURE (Enc_ID, Sq_ft, Building_ID) VALUES ('EC028', 550, 'B1002');
--INSERT INTO ENCLOSURE (Enc_ID, Sq_ft, Building_ID) VALUES ('EC029', 650, 'B1002');
--INSERT INTO ENCLOSURE (Enc_ID, Sq_ft, Building_ID) VALUES ('EC030', 750, 'B1002');
--INSERT INTO ENCLOSURE (Enc_ID, Sq_ft, Building_ID) VALUES ('EC031', 850, 'B1003');
--INSERT INTO ENCLOSURE (Enc_ID, Sq_ft, Building_ID) VALUES ('EC032', 950, 'B1003');
--INSERT INTO ENCLOSURE (Enc_ID, Sq_ft, Building_ID) VALUES ('EC033', 550, 'B1003');
--INSERT INTO ENCLOSURE (Enc_ID, Sq_ft, Building_ID) VALUES ('EC034', 650, 'B1003');
--INSERT INTO ENCLOSURE (Enc_ID, Sq_ft, Building_ID) VALUES ('EC035', 750, 'B1003');
--INSERT INTO ENCLOSURE (Enc_ID, Sq_ft, Building_ID) VALUES ('EC036', 850, 'B1003');
--INSERT INTO ENCLOSURE (Enc_ID, Sq_ft, Building_ID) VALUES ('EC037', 950, 'B1003');
--INSERT INTO ENCLOSURE (Enc_ID, Sq_ft, Building_ID) VALUES ('EC038', 550, 'B1003');
--INSERT INTO ENCLOSURE (Enc_ID, Sq_ft, Building_ID) VALUES ('EC039', 650, 'B1003');
--INSERT INTO ENCLOSURE (Enc_ID, Sq_ft, Building_ID) VALUES ('EC040', 750, 'B1003');
--INSERT INTO ENCLOSURE (Enc_ID, Sq_ft, Building_ID) VALUES ('EC041', 350, 'B1005');
--INSERT INTO ENCLOSURE (Enc_ID, Sq_ft, Building_ID) VALUES ('EC042', 450, 'B1005');
--INSERT INTO ENCLOSURE (Enc_ID, Sq_ft, Building_ID) VALUES ('EC043', 550, 'B1005');
--INSERT INTO ENCLOSURE (Enc_ID, Sq_ft, Building_ID) VALUES ('EC044', 650, 'B1005');
--INSERT INTO ENCLOSURE (Enc_ID, Sq_ft, Building_ID) VALUES ('EC045', 750, 'B1005');
--INSERT INTO ENCLOSURE (Enc_ID, Sq_ft, Building_ID) VALUES ('EC046', 850, 'B1005');
--INSERT INTO ENCLOSURE (Enc_ID, Sq_ft, Building_ID) VALUES ('EC047', 950, 'B1005');
--INSERT INTO ENCLOSURE (Enc_ID, Sq_ft, Building_ID) VALUES ('EC048', 550, 'B1005');
--INSERT INTO ENCLOSURE (Enc_ID, Sq_ft, Building_ID) VALUES ('EC049', 650, 'B1005');
--INSERT INTO ENCLOSURE (Enc_ID, Sq_ft, Building_ID) VALUES ('EC050', 750, 'B1005');
--INSERT INTO ENCLOSURE (Enc_ID, Sq_ft, Building_ID) VALUES ('EC051', 850, 'B1005');
--INSERT INTO ENCLOSURE (Enc_ID, Sq_ft, Building_ID) VALUES ('EC052', 950, 'B1005');
--INSERT INTO ENCLOSURE (Enc_ID, Sq_ft, Building_ID) VALUES ('EC053', 550, 'B1005');
--INSERT INTO ENCLOSURE (Enc_ID, Sq_ft, Building_ID) VALUES ('EC054', 650, 'B1005');
--INSERT INTO ENCLOSURE (Enc_ID, Sq_ft, Building_ID) VALUES ('EC055', 750, 'B1005');
--INSERT INTO ENCLOSURE (Enc_ID, Sq_ft, Building_ID) VALUES ('EC056', 850, 'B1006');
--INSERT INTO ENCLOSURE (Enc_ID, Sq_ft, Building_ID) VALUES ('EC057', 950, 'B1006');
--INSERT INTO ENCLOSURE (Enc_ID, Sq_ft, Building_ID) VALUES ('EC058', 550, 'B1006');
--INSERT INTO ENCLOSURE (Enc_ID, Sq_ft, Building_ID) VALUES ('EC059', 650, 'B1006');
--INSERT INTO ENCLOSURE (Enc_ID, Sq_ft, Building_ID) VALUES ('EC060', 750, 'B1006');
--INSERT INTO ENCLOSURE (Enc_ID, Sq_ft, Building_ID) VALUES ('EC061', 350, 'B1006');
--INSERT INTO ENCLOSURE (Enc_ID, Sq_ft, Building_ID) VALUES ('EC062', 450, 'B1006');
--INSERT INTO ENCLOSURE (Enc_ID, Sq_ft, Building_ID) VALUES ('EC063', 550, 'B1006');
--INSERT INTO ENCLOSURE (Enc_ID, Sq_ft, Building_ID) VALUES ('EC064', 650, 'B1006');
--INSERT INTO ENCLOSURE (Enc_ID, Sq_ft, Building_ID) VALUES ('EC065', 750, 'B1006');
--INSERT INTO ENCLOSURE (Enc_ID, Sq_ft, Building_ID) VALUES ('EC066', 850, 'B1008');
--INSERT INTO ENCLOSURE (Enc_ID, Sq_ft, Building_ID) VALUES ('EC067', 950, 'B1008');
--INSERT INTO ENCLOSURE (Enc_ID, Sq_ft, Building_ID) VALUES ('EC068', 550, 'B1008');
--INSERT INTO ENCLOSURE (Enc_ID, Sq_ft, Building_ID) VALUES ('EC069', 650, 'B1008');
--INSERT INTO ENCLOSURE (Enc_ID, Sq_ft, Building_ID) VALUES ('EC070', 750, 'B1008');
--INSERT INTO ENCLOSURE (Enc_ID, Sq_ft, Building_ID) VALUES ('EC071', 850, 'B1008');
--INSERT INTO ENCLOSURE (Enc_ID, Sq_ft, Building_ID) VALUES ('EC072', 950, 'B1008');
--INSERT INTO ENCLOSURE (Enc_ID, Sq_ft, Building_ID) VALUES ('EC073', 550, 'B1008');
--INSERT INTO ENCLOSURE (Enc_ID, Sq_ft, Building_ID) VALUES ('EC074', 650, 'B1008');
--INSERT INTO ENCLOSURE (Enc_ID, Sq_ft, Building_ID) VALUES ('EC075', 750, 'B1008');
--INSERT INTO ENCLOSURE (Enc_ID, Sq_ft, Building_ID) VALUES ('EC076', 850, 'B1007');
--INSERT INTO ENCLOSURE (Enc_ID, Sq_ft, Building_ID) VALUES ('EC077', 950, 'B1007');
--INSERT INTO ENCLOSURE (Enc_ID, Sq_ft, Building_ID) VALUES ('EC078', 550, 'B1007');
--INSERT INTO ENCLOSURE (Enc_ID, Sq_ft, Building_ID) VALUES ('EC079', 650, 'B1007');
--INSERT INTO ENCLOSURE (Enc_ID, Sq_ft, Building_ID) VALUES ('EC080', 750, 'B1007');
--INSERT INTO ENCLOSURE (Enc_ID, Sq_ft, Building_ID) VALUES ('EC081', 350, 'B1011');
--INSERT INTO ENCLOSURE (Enc_ID, Sq_ft, Building_ID) VALUES ('EC082', 450, 'B1011');
--INSERT INTO ENCLOSURE (Enc_ID, Sq_ft, Building_ID) VALUES ('EC083', 550, 'B1011');
--INSERT INTO ENCLOSURE (Enc_ID, Sq_ft, Building_ID) VALUES ('EC084', 650, 'B1011');
--INSERT INTO ENCLOSURE (Enc_ID, Sq_ft, Building_ID) VALUES ('EC085', 750, 'B1011');
--INSERT INTO ENCLOSURE (Enc_ID, Sq_ft, Building_ID) VALUES ('EC086', 850, 'B1011');
--INSERT INTO ENCLOSURE (Enc_ID, Sq_ft, Building_ID) VALUES ('EC087', 950, 'B1011');
--INSERT INTO ENCLOSURE (Enc_ID, Sq_ft, Building_ID) VALUES ('EC088', 550, 'B1011');
--INSERT INTO ENCLOSURE (Enc_ID, Sq_ft, Building_ID) VALUES ('EC089', 650, 'B1011');
--INSERT INTO ENCLOSURE (Enc_ID, Sq_ft, Building_ID) VALUES ('EC090', 750, 'B1011');
--INSERT INTO ENCLOSURE (Enc_ID, Sq_ft, Building_ID) VALUES ('EC091', 850, 'B1004');
--INSERT INTO ENCLOSURE (Enc_ID, Sq_ft, Building_ID) VALUES ('EC092', 950, 'B1004');
--INSERT INTO ENCLOSURE (Enc_ID, Sq_ft, Building_ID) VALUES ('EC093', 550, 'B1004');
--INSERT INTO ENCLOSURE (Enc_ID, Sq_ft, Building_ID) VALUES ('EC094', 650, 'B1004');
--INSERT INTO ENCLOSURE (Enc_ID, Sq_ft, Building_ID) VALUES ('EC095', 750, 'B1004');
--INSERT INTO ENCLOSURE (Enc_ID, Sq_ft, Building_ID) VALUES ('EC096', 850, 'B1004');
--INSERT INTO ENCLOSURE (Enc_ID, Sq_ft, Building_ID) VALUES ('EC097', 950, 'B1004');
--INSERT INTO ENCLOSURE (Enc_ID, Sq_ft, Building_ID) VALUES ('EC098', 550, 'B1004');
--INSERT INTO ENCLOSURE (Enc_ID, Sq_ft, Building_ID) VALUES ('EC099', 650, 'B1004');
--INSERT INTO ENCLOSURE (Enc_ID, Sq_ft, Building_ID) VALUES ('EC100', 750, 'B1004');
--
--
--
--INSERT INTO ANIMAL (Ani_ID, Status, Birth_Year, Spc_ID ,Enc_ID , Building_ID) VALUES ('A001', 'Healthy', '2001','S001', 'EC001', 'B1001');
--INSERT INTO ANIMAL (Ani_ID, Status, Birth_Year, Spc_ID ,Enc_ID , Building_ID) VALUES ('A002', 'Healthy', '2004','S001', 'EC001', 'B1001');
--INSERT INTO ANIMAL (Ani_ID, Status, Birth_Year, Spc_ID ,Enc_ID , Building_ID) VALUES ('A003', 'Ill', '2005','S001', 'EC001', 'B1001');
--INSERT INTO ANIMAL (Ani_ID, Status, Birth_Year, Spc_ID ,Enc_ID , Building_ID) VALUES ('A004', 'Healthy', '2007','S001', 'EC001', 'B1001');
--INSERT INTO ANIMAL (Ani_ID, Status, Birth_Year, Spc_ID ,Enc_ID , Building_ID) VALUES ('A005', 'Healthy', '2002','S001', 'EC001', 'B1001');
--INSERT INTO ANIMAL (Ani_ID, Status, Birth_Year, Spc_ID, Enc_ID, Building_ID) VALUES ('A006', 'Healthy', 2009, 'S002', 'EC002', 'B1001');
--INSERT INTO ANIMAL (Ani_ID, Status, Birth_Year, Spc_ID, Enc_ID, Building_ID) VALUES ('A007', 'Ill', 2016, 'S002', 'EC002', 'B1001');
--INSERT INTO ANIMAL (Ani_ID, Status, Birth_Year, Spc_ID, Enc_ID, Building_ID) VALUES ('A008', 'Healthy', 2000, 'S002', 'EC002', 'B1001');
--INSERT INTO ANIMAL (Ani_ID, Status, Birth_Year, Spc_ID, Enc_ID, Building_ID) VALUES ('A009', 'Ill', 2020, 'S002', 'EC002', 'B1001');
--INSERT INTO ANIMAL (Ani_ID, Status, Birth_Year, Spc_ID, Enc_ID, Building_ID) VALUES ('A010', 'Healthy', 2014, 'S002', 'EC002', 'B1001');
--INSERT INTO ANIMAL (Ani_ID, Status, Birth_Year, Spc_ID, Enc_ID, Building_ID) VALUES ('A011', 'Ill', 2005, 'S002', 'EC002', 'B1001');
--INSERT INTO ANIMAL (Ani_ID, Status, Birth_Year, Spc_ID, Enc_ID, Building_ID) VALUES ('A012', 'Healthy', 2023, 'S002', 'EC002', 'B1001');
--INSERT INTO ANIMAL (Ani_ID, Status, Birth_Year, Spc_ID, Enc_ID, Building_ID) VALUES ('A013', 'Ill', 2012, 'S002', 'EC002', 'B1001');
--INSERT INTO ANIMAL (Ani_ID, Status, Birth_Year, Spc_ID, Enc_ID, Building_ID) VALUES ('A014', 'Healthy', 2018, 'S002', 'EC002', 'B1001');
--INSERT INTO ANIMAL (Ani_ID, Status, Birth_Year, Spc_ID, Enc_ID, Building_ID) VALUES ('A015', 'Ill', 2007, 'S002', 'EC002', 'B1001');
--INSERT INTO ANIMAL (Ani_ID, Status, Birth_Year, Spc_ID, Enc_ID, Building_ID) VALUES ('A016', 'Healthy', 2008, 'S003', 'EC003', 'B1001');
--INSERT INTO ANIMAL (Ani_ID, Status, Birth_Year, Spc_ID, Enc_ID, Building_ID) VALUES ('A017', 'Ill', 2005, 'S003', 'EC003', 'B1001');
--INSERT INTO ANIMAL (Ani_ID, Status, Birth_Year, Spc_ID, Enc_ID, Building_ID) VALUES ('A018', 'Healthy', 2002, 'S003', 'EC003', 'B1001');
--INSERT INTO ANIMAL (Ani_ID, Status, Birth_Year, Spc_ID, Enc_ID, Building_ID) VALUES ('A019', 'Ill', 2010, 'S003', 'EC003', 'B1001');
--INSERT INTO ANIMAL (Ani_ID, Status, Birth_Year, Spc_ID, Enc_ID, Building_ID) VALUES ('A020', 'Healthy', 2012, 'S003', 'EC003', 'B1001');
--INSERT INTO ANIMAL (Ani_ID, Status, Birth_Year, Spc_ID, Enc_ID, Building_ID) VALUES ('A021', 'Healthy', 2009, 'S004', 'EC004', 'B1001');
--INSERT INTO ANIMAL (Ani_ID, Status, Birth_Year, Spc_ID, Enc_ID, Building_ID) VALUES ('A022', 'Ill', 2004, 'S004', 'EC004', 'B1001');
--INSERT INTO ANIMAL (Ani_ID, Status, Birth_Year, Spc_ID, Enc_ID, Building_ID) VALUES ('A023', 'Healthy', 2003, 'S004', 'EC004', 'B1001');
--INSERT INTO ANIMAL (Ani_ID, Status, Birth_Year, Spc_ID, Enc_ID, Building_ID) VALUES ('A024', 'Ill', 2011, 'S004', 'EC004', 'B1001');
--INSERT INTO ANIMAL (Ani_ID, Status, Birth_Year, Spc_ID, Enc_ID, Building_ID) VALUES ('A025', 'Healthy', 2010, 'S004', 'EC004', 'B1001');
--INSERT INTO ANIMAL (Ani_ID, Status, Birth_Year, Spc_ID, Enc_ID, Building_ID) VALUES ('A026', 'Healthy', 2013, 'S005', 'EC005', 'B1001');
--INSERT INTO ANIMAL (Ani_ID, Status, Birth_Year, Spc_ID, Enc_ID, Building_ID) VALUES ('A027', 'Ill', 2010, 'S005', 'EC005', 'B1001');
--INSERT INTO ANIMAL (Ani_ID, Status, Birth_Year, Spc_ID, Enc_ID, Building_ID) VALUES ('A028', 'Healthy', 2005, 'S005', 'EC005', 'B1001');
--INSERT INTO ANIMAL (Ani_ID, Status, Birth_Year, Spc_ID, Enc_ID, Building_ID) VALUES ('A029', 'Ill', 2008, 'S006', 'EC006', 'B1001');
--INSERT INTO ANIMAL (Ani_ID, Status, Birth_Year, Spc_ID, Enc_ID, Building_ID) VALUES ('A030', 'Healthy', 2006, 'S006', 'EC006', 'B1001');
--INSERT INTO ANIMAL (Ani_ID, Status, Birth_Year, Spc_ID, Enc_ID, Building_ID) VALUES ('A031', 'Ill', 2012, 'S006', 'EC006', 'B1001');
--INSERT INTO ANIMAL (Ani_ID, Status, Birth_Year, Spc_ID, Enc_ID, Building_ID) VALUES ('A032', 'Healthy', 2009, 'S007', 'EC007', 'B1001');
--INSERT INTO ANIMAL (Ani_ID, Status, Birth_Year, Spc_ID, Enc_ID, Building_ID) VALUES ('A033', 'Ill', 2004, 'S007', 'EC007', 'B1001');
--INSERT INTO ANIMAL (Ani_ID, Status, Birth_Year, Spc_ID, Enc_ID, Building_ID) VALUES ('A034', 'Healthy', 2011, 'S007', 'EC007', 'B1001');
--INSERT INTO ANIMAL (Ani_ID, Status, Birth_Year, Spc_ID, Enc_ID, Building_ID) VALUES ('A035', 'Healthy', 2013, 'S008', 'EC008', 'B1001');
--INSERT INTO ANIMAL (Ani_ID, Status, Birth_Year, Spc_ID, Enc_ID, Building_ID) VALUES ('A036', 'Ill', 2010, 'S008', 'EC008', 'B1001');
--INSERT INTO ANIMAL (Ani_ID, Status, Birth_Year, Spc_ID, Enc_ID, Building_ID) VALUES ('A037', 'Healthy', 2005, 'S008', 'EC008', 'B1001');
--INSERT INTO ANIMAL (Ani_ID, Status, Birth_Year, Spc_ID, Enc_ID, Building_ID) VALUES ('A038', 'Healthy', 2008, 'S009', 'EC009', 'B1001');
--INSERT INTO ANIMAL (Ani_ID, Status, Birth_Year, Spc_ID, Enc_ID, Building_ID) VALUES ('A039', 'Ill', 2006, 'S009', 'EC009', 'B1001');
--INSERT INTO ANIMAL (Ani_ID, Status, Birth_Year, Spc_ID, Enc_ID, Building_ID) VALUES ('A040', 'Healthy', 2012, 'S009', 'EC009', 'B1001');
--INSERT INTO ANIMAL (Ani_ID, Status, Birth_Year, Spc_ID, Enc_ID, Building_ID) VALUES ('A041', 'Ill', 2009, 'S010', 'EC010', 'B1001');
--INSERT INTO ANIMAL (Ani_ID, Status, Birth_Year, Spc_ID, Enc_ID, Building_ID) VALUES ('A042', 'Healthy', 2004, 'S010', 'EC010', 'B1001');
--INSERT INTO ANIMAL (Ani_ID, Status, Birth_Year, Spc_ID, Enc_ID, Building_ID) VALUES ('A043', 'Ill', 2011, 'S010', 'EC010', 'B1001');
--INSERT INTO ANIMAL (Ani_ID, Status, Birth_Year, Spc_ID, Enc_ID, Building_ID) VALUES ('A044', 'Healthy', 2013, 'S011', 'EC011', 'B1001');
--INSERT INTO ANIMAL (Ani_ID, Status, Birth_Year, Spc_ID, Enc_ID, Building_ID) VALUES ('A045', 'Ill', 2010, 'S011', 'EC011', 'B1001');
--INSERT INTO ANIMAL (Ani_ID, Status, Birth_Year, Spc_ID, Enc_ID, Building_ID) VALUES ('A046', 'Healthy', 2005, 'S011', 'EC011', 'B1001');
--INSERT INTO ANIMAL (Ani_ID, Status, Birth_Year, Spc_ID, Enc_ID, Building_ID) VALUES ('A047', 'Ill', 2008, 'S012', 'EC012', 'B1001');
--INSERT INTO ANIMAL (Ani_ID, Status, Birth_Year, Spc_ID, Enc_ID, Building_ID) VALUES ('A048', 'Healthy', 2006, 'S012', 'EC012', 'B1001');
--INSERT INTO ANIMAL (Ani_ID, Status, Birth_Year, Spc_ID, Enc_ID, Building_ID) VALUES ('A049', 'Ill', 2012, 'S012', 'EC012', 'B1001');
--INSERT INTO ANIMAL (Ani_ID, Status, Birth_Year, Spc_ID, Enc_ID, Building_ID) VALUES ('A050', 'Healthy', 2009, 'S013', 'EC013', 'B1001');
--INSERT INTO ANIMAL (Ani_ID, Status, Birth_Year, Spc_ID, Enc_ID, Building_ID) VALUES ('A051', 'Ill', 2004, 'S013', 'EC013', 'B1001');
--INSERT INTO ANIMAL (Ani_ID, Status, Birth_Year, Spc_ID, Enc_ID, Building_ID) VALUES ('A052', 'Healthy', 2011, 'S013', 'EC013', 'B1001');
--INSERT INTO ANIMAL (Ani_ID, Status, Birth_Year, Spc_ID, Enc_ID, Building_ID) VALUES ('A053', 'Healthy', 2014, 'S014', 'EC014', 'B1001');
--INSERT INTO ANIMAL (Ani_ID, Status, Birth_Year, Spc_ID, Enc_ID, Building_ID) VALUES ('A054', 'Ill', 2011, 'S014', 'EC014', 'B1001');
--INSERT INTO ANIMAL (Ani_ID, Status, Birth_Year, Spc_ID, Enc_ID, Building_ID) VALUES ('A055', 'Healthy', 2006, 'S014', 'EC014', 'B1001');
--INSERT INTO ANIMAL (Ani_ID, Status, Birth_Year, Spc_ID, Enc_ID, Building_ID) VALUES ('A056', 'Ill', 2009, 'S015', 'EC015', 'B1001');
--INSERT INTO ANIMAL (Ani_ID, Status, Birth_Year, Spc_ID, Enc_ID, Building_ID) VALUES ('A057', 'Healthy', 2007, 'S015', 'EC015', 'B1001');
--INSERT INTO ANIMAL (Ani_ID, Status, Birth_Year, Spc_ID, Enc_ID, Building_ID) VALUES ('A058', 'Maternity', 2013, 'S015', 'EC015', 'B1001');
--INSERT INTO ANIMAL (Ani_ID, Status, Birth_Year, Spc_ID, Enc_ID, Building_ID) VALUES ('A059', 'Healthy', 2015, 'S016', 'EC016', 'B1002');
--INSERT INTO ANIMAL (Ani_ID, Status, Birth_Year, Spc_ID, Enc_ID, Building_ID) VALUES ('A060', 'Maternity', 2017, 'S016', 'EC016', 'B1002');
--INSERT INTO ANIMAL (Ani_ID, Status, Birth_Year, Spc_ID, Enc_ID, Building_ID) VALUES ('A061', 'Healthy', 2019, 'S016', 'EC016', 'B1002');
--INSERT INTO ANIMAL (Ani_ID, Status, Birth_Year, Spc_ID, Enc_ID, Building_ID) VALUES ('A062', 'Maternity', 2013, 'S017', 'EC017', 'B1002');
--INSERT INTO ANIMAL (Ani_ID, Status, Birth_Year, Spc_ID, Enc_ID, Building_ID) VALUES ('A063', 'Healthy', 2016, 'S017', 'EC017', 'B1002');
--INSERT INTO ANIMAL (Ani_ID, Status, Birth_Year, Spc_ID, Enc_ID, Building_ID) VALUES ('A064', 'Maternity', 2018, 'S017', 'EC017', 'B1002');
--INSERT INTO ANIMAL (Ani_ID, Status, Birth_Year, Spc_ID, Enc_ID, Building_ID) VALUES ('A065', 'Healthy', 2012, 'S018', 'EC018', 'B1002');
--INSERT INTO ANIMAL (Ani_ID, Status, Birth_Year, Spc_ID, Enc_ID, Building_ID) VALUES ('A066', 'Maternity', 2014, 'S018', 'EC018', 'B1002');
--INSERT INTO ANIMAL (Ani_ID, Status, Birth_Year, Spc_ID, Enc_ID, Building_ID) VALUES ('A067', 'Maternity', 2014, 'S018', 'EC018', 'B1002');
--INSERT INTO ANIMAL (Ani_ID, Status, Birth_Year, Spc_ID, Enc_ID, Building_ID) VALUES ('A068', 'Healthy', 2015, 'S019', 'EC019', 'B1002');
--INSERT INTO ANIMAL (Ani_ID, Status, Birth_Year, Spc_ID, Enc_ID, Building_ID) VALUES ('A069', 'Maternity', 2016, 'S019', 'EC019', 'B1002');
--INSERT INTO ANIMAL (Ani_ID, Status, Birth_Year, Spc_ID, Enc_ID, Building_ID) VALUES ('A070', 'Healthy', 2012, 'S019', 'EC019', 'B1002');
--INSERT INTO ANIMAL (Ani_ID, Status, Birth_Year, Spc_ID, Enc_ID, Building_ID) VALUES ('A071', 'Healthy', 2018, 'S019', 'EC019', 'B1002');
--INSERT INTO ANIMAL (Ani_ID, Status, Birth_Year, Spc_ID, Enc_ID, Building_ID) VALUES ('A072', 'Maternity', 2014, 'S019', 'EC019', 'B1002');
--INSERT INTO ANIMAL (Ani_ID, Status, Birth_Year, Spc_ID, Enc_ID, Building_ID) VALUES ('A073', 'Healthy', 2016, 'S020', 'EC020', 'B1002');
--INSERT INTO ANIMAL (Ani_ID, Status, Birth_Year, Spc_ID, Enc_ID, Building_ID) VALUES ('A074', 'Maternity', 2012, 'S020', 'EC020', 'B1002');
--INSERT INTO ANIMAL (Ani_ID, Status, Birth_Year, Spc_ID, Enc_ID, Building_ID) VALUES ('A075', 'Healthy', 2018, 'S020', 'EC020', 'B1002');
--INSERT INTO ANIMAL (Ani_ID, Status, Birth_Year, Spc_ID, Enc_ID, Building_ID) VALUES ('A076', 'Maternity', 2015, 'S020', 'EC020', 'B1002');
--INSERT INTO ANIMAL (Ani_ID, Status, Birth_Year, Spc_ID, Enc_ID, Building_ID) VALUES ('A077', 'Healthy', 2020, 'S020', 'EC020', 'B1002');
--INSERT INTO ANIMAL (Ani_ID, Status, Birth_Year, Spc_ID, Enc_ID, Building_ID) VALUES ('A078', 'Healthy', 2015, 'S021', 'EC021', 'B1002');
--INSERT INTO ANIMAL (Ani_ID, Status, Birth_Year, Spc_ID, Enc_ID, Building_ID) VALUES ('A079', 'Maternity', 2016, 'S021', 'EC021', 'B1002');
--INSERT INTO ANIMAL (Ani_ID, Status, Birth_Year, Spc_ID, Enc_ID, Building_ID) VALUES ('A080', 'Healthy', 2017, 'S021', 'EC021', 'B1002');
--INSERT INTO ANIMAL (Ani_ID, Status, Birth_Year, Spc_ID, Enc_ID, Building_ID) VALUES ('A081', 'Maternity', 2018, 'S021', 'EC021', 'B1002');
--INSERT INTO ANIMAL (Ani_ID, Status, Birth_Year, Spc_ID, Enc_ID, Building_ID) VALUES ('A082', 'Healthy', 2019, 'S021', 'EC021', 'B1002');
--INSERT INTO ANIMAL (Ani_ID, Status, Birth_Year, Spc_ID, Enc_ID, Building_ID) VALUES ('A083', 'Maternity', 2014, 'S022', 'EC022', 'B1002');
--INSERT INTO ANIMAL (Ani_ID, Status, Birth_Year, Spc_ID, Enc_ID, Building_ID) VALUES ('A084', 'Healthy', 2015, 'S022', 'EC022', 'B1002');
--INSERT INTO ANIMAL (Ani_ID, Status, Birth_Year, Spc_ID, Enc_ID, Building_ID) VALUES ('A085', 'Maternity', 2016, 'S022', 'EC022', 'B1002');
--INSERT INTO ANIMAL (Ani_ID, Status, Birth_Year, Spc_ID, Enc_ID, Building_ID) VALUES ('A086', 'Healthy', 2017, 'S022', 'EC022', 'B1002');
--INSERT INTO ANIMAL (Ani_ID, Status, Birth_Year, Spc_ID, Enc_ID, Building_ID) VALUES ('A087', 'Maternity', 2018, 'S022', 'EC022', 'B1002');
--INSERT INTO ANIMAL (Ani_ID, Status, Birth_Year, Spc_ID, Enc_ID, Building_ID) VALUES ('A088', 'Healthy', 2019, 'S023', 'EC023', 'B1002');
--INSERT INTO ANIMAL (Ani_ID, Status, Birth_Year, Spc_ID, Enc_ID, Building_ID) VALUES ('A089', 'Maternity', 2020, 'S023', 'EC023', 'B1002');
--INSERT INTO ANIMAL (Ani_ID, Status, Birth_Year, Spc_ID, Enc_ID, Building_ID) VALUES ('A090', 'Healthy', 2021, 'S024', 'EC024', 'B1002');
--INSERT INTO ANIMAL (Ani_ID, Status, Birth_Year, Spc_ID, Enc_ID, Building_ID) VALUES ('A091', 'Maternity', 2022, 'S024', 'EC024', 'B1002');
--INSERT INTO ANIMAL (Ani_ID, Status, Birth_Year, Spc_ID, Enc_ID, Building_ID) VALUES ('A092', 'Healthy', 2020, 'S025', 'EC025', 'B1002');
--INSERT INTO ANIMAL (Ani_ID, Status, Birth_Year, Spc_ID, Enc_ID, Building_ID) VALUES ('A093', 'Maternity', 2021, 'S025', 'EC025', 'B1002');
--INSERT INTO ANIMAL (Ani_ID, Status, Birth_Year, Spc_ID, Enc_ID, Building_ID) VALUES ('A094', 'Healthy', 2018, 'S026', 'EC026', 'B1002');
--INSERT INTO ANIMAL (Ani_ID, Status, Birth_Year, Spc_ID, Enc_ID, Building_ID) VALUES ('A095', 'Maternity', 2019, 'S026', 'EC026', 'B1002');
--INSERT INTO ANIMAL (Ani_ID, Status, Birth_Year, Spc_ID, Enc_ID, Building_ID) VALUES ('A096', 'Healthy', 2022, 'S027', 'EC027', 'B1002');
--INSERT INTO ANIMAL (Ani_ID, Status, Birth_Year, Spc_ID, Enc_ID, Building_ID) VALUES ('A097', 'Ill', 2023, 'S027', 'EC027', 'B1002');
--INSERT INTO ANIMAL (Ani_ID, Status, Birth_Year, Spc_ID, Enc_ID, Building_ID) VALUES ('A098', 'Healthy', 2020, 'S028', 'EC028', 'B1002');
--INSERT INTO ANIMAL (Ani_ID, Status, Birth_Year, Spc_ID, Enc_ID, Building_ID) VALUES ('A099', 'Ill', 2021, 'S028', 'EC028', 'B1002');
--INSERT INTO ANIMAL (Ani_ID, Status, Birth_Year, Spc_ID, Enc_ID, Building_ID) VALUES ('A100', 'Healthy', 2023, 'S029', 'EC029', 'B1002');
--INSERT INTO ANIMAL (Ani_ID, Status, Birth_Year, Spc_ID, Enc_ID, Building_ID) VALUES ('A101', 'Ill', 2024, 'S029', 'EC029', 'B1002');
--INSERT INTO ANIMAL (Ani_ID, Status, Birth_Year, Spc_ID, Enc_ID, Building_ID) VALUES ('A102', 'Healthy', 2019, 'S030', 'EC030', 'B1002');
--INSERT INTO ANIMAL (Ani_ID, Status, Birth_Year, Spc_ID, Enc_ID, Building_ID) VALUES ('A103', 'Healthy', 2013, 'S030', 'EC030', 'B1002');
-- INSERT INTO ANIMAL (Ani_ID, Status, Birth_Year, Spc_ID, Enc_ID, Building_ID) VALUES ('A104', 'Ill', 2015, 'S031', 'EC031', 'B1003');
-- INSERT INTO ANIMAL (Ani_ID, Status, Birth_Year, Spc_ID, Enc_ID, Building_ID) VALUES ('A105', 'Healthy', 2017, 'S031', 'EC031', 'B1003');
-- INSERT INTO ANIMAL (Ani_ID, Status, Birth_Year, Spc_ID, Enc_ID, Building_ID) VALUES ('A106', 'Ill', 2019, 'S031', 'EC031', 'B1003');
-- INSERT INTO ANIMAL (Ani_ID, Status, Birth_Year, Spc_ID, Enc_ID, Building_ID) VALUES ('A107', 'Healthy', 2021, 'S031', 'EC031', 'B1003');
-- INSERT INTO ANIMAL (Ani_ID, Status, Birth_Year, Spc_ID, Enc_ID, Building_ID) VALUES ('A108', 'Ill', 2023, 'S031', 'EC031', 'B1003');
-- INSERT INTO ANIMAL (Ani_ID, Status, Birth_Year, Spc_ID, Enc_ID, Building_ID) VALUES ('A109', 'Healthy', 2012, 'S032', 'EC032', 'B1003');
-- INSERT INTO ANIMAL (Ani_ID, Status, Birth_Year, Spc_ID, Enc_ID, Building_ID) VALUES ('A110', 'Ill', 2014, 'S032', 'EC032', 'B1003');
-- INSERT INTO ANIMAL (Ani_ID, Status, Birth_Year, Spc_ID, Enc_ID, Building_ID) VALUES ('A111', 'Healthy', 2016, 'S032', 'EC032', 'B1003');
-- INSERT INTO ANIMAL (Ani_ID, Status, Birth_Year, Spc_ID, Enc_ID, Building_ID) VALUES ('A112', 'Ill', 2018, 'S032', 'EC032', 'B1003');
-- INSERT INTO ANIMAL (Ani_ID, Status, Birth_Year, Spc_ID, Enc_ID, Building_ID) VALUES ('A113', 'Healthy', 2020, 'S032', 'EC032', 'B1003');
-- INSERT INTO ANIMAL (Ani_ID, Status, Birth_Year, Spc_ID, Enc_ID, Building_ID) VALUES ('A114', 'Ill', 2011, 'S033', 'EC033', 'B1003');
-- INSERT INTO ANIMAL (Ani_ID, Status, Birth_Year, Spc_ID, Enc_ID, Building_ID) VALUES ('A115', 'Healthy', 2013, 'S033', 'EC033', 'B1003');
-- INSERT INTO ANIMAL (Ani_ID, Status, Birth_Year, Spc_ID, Enc_ID, Building_ID) VALUES ('A116', 'Ill', 2015, 'S033', 'EC033', 'B1003');
-- INSERT INTO ANIMAL (Ani_ID, Status, Birth_Year, Spc_ID, Enc_ID, Building_ID) VALUES ('A117', 'Healthy', 2017, 'S033', 'EC033', 'B1003');
-- INSERT INTO ANIMAL (Ani_ID, Status, Birth_Year, Spc_ID, Enc_ID, Building_ID) VALUES ('A118', 'Healthy', 2017, 'S033', 'EC033', 'B1003');
--INSERT INTO ANIMAL (Ani_ID, Status, Birth_Year, Spc_ID, Enc_ID, Building_ID) VALUES ('A119', 'Healthy', 2016, 'S034', 'EC034', 'B1003');
--INSERT INTO ANIMAL (Ani_ID, Status, Birth_Year, Spc_ID, Enc_ID, Building_ID) VALUES ('A120', 'Ill', 2019, 'S034', 'EC034', 'B1003');
--INSERT INTO ANIMAL (Ani_ID, Status, Birth_Year, Spc_ID, Enc_ID, Building_ID) VALUES ('A121', 'Healthy', 2018, 'S034', 'EC034', 'B1003');
--INSERT INTO ANIMAL (Ani_ID, Status, Birth_Year, Spc_ID, Enc_ID, Building_ID) VALUES ('A122', 'Ill', 2020, 'S034', 'EC034', 'B1003');
--INSERT INTO ANIMAL (Ani_ID, Status, Birth_Year, Spc_ID, Enc_ID, Building_ID) VALUES ('A123', 'Healthy', 2022, 'S034', 'EC034', 'B1003');
--INSERT INTO ANIMAL (Ani_ID, Status, Birth_Year, Spc_ID, Enc_ID, Building_ID) VALUES ('A124', 'Healthy', 2015, 'S035', 'EC035', 'B1003');
--INSERT INTO ANIMAL (Ani_ID, Status, Birth_Year, Spc_ID, Enc_ID, Building_ID) VALUES ('A125', 'Ill', 2020, 'S035', 'EC035', 'B1003');
--INSERT INTO ANIMAL (Ani_ID, Status, Birth_Year, Spc_ID, Enc_ID, Building_ID) VALUES ('A126', 'Healthy', 2018, 'S035', 'EC035', 'B1003');
--INSERT INTO ANIMAL (Ani_ID, Status, Birth_Year, Spc_ID, Enc_ID, Building_ID) VALUES ('A127', 'Ill', 2021, 'S035', 'EC035', 'B1003');
--INSERT INTO ANIMAL (Ani_ID, Status, Birth_Year, Spc_ID, Enc_ID, Building_ID) VALUES ('A128', 'Healthy', 2023, 'S035', 'EC035', 'B1003');
--INSERT INTO ANIMAL (Ani_ID, Status, Birth_Year, Spc_ID, Enc_ID, Building_ID) VALUES ('A129', 'Healthy', 2017, 'S036', 'EC036', 'B1003');
--INSERT INTO ANIMAL (Ani_ID, Status, Birth_Year, Spc_ID, Enc_ID, Building_ID) VALUES ('A130', 'Ill', 2022, 'S036', 'EC036', 'B1003');
--INSERT INTO ANIMAL (Ani_ID, Status, Birth_Year, Spc_ID, Enc_ID, Building_ID) VALUES ('A131', 'Healthy', 2020, 'S036', 'EC036', 'B1003');
--INSERT INTO ANIMAL (Ani_ID, Status, Birth_Year, Spc_ID, Enc_ID, Building_ID) VALUES ('A132', 'Ill', 2023, 'S036', 'EC036', 'B1003');
--INSERT INTO ANIMAL (Ani_ID, Status, Birth_Year, Spc_ID, Enc_ID, Building_ID) VALUES ('A133', 'Healthy', 2019, 'S037', 'EC037', 'B1003');
--INSERT INTO ANIMAL (Ani_ID, Status, Birth_Year, Spc_ID, Enc_ID, Building_ID) VALUES ('A134', 'Ill', 2017, 'S037', 'EC037', 'B1003');
--INSERT INTO ANIMAL (Ani_ID, Status, Birth_Year, Spc_ID, Enc_ID, Building_ID) VALUES ('A135', 'Healthy', 2021, 'S037', 'EC037', 'B1003');
--INSERT INTO ANIMAL (Ani_ID, Status, Birth_Year, Spc_ID, Enc_ID, Building_ID) VALUES ('A136', 'Healthy', 2019, 'S037', 'EC037', 'B1003');
--INSERT INTO ANIMAL (Ani_ID, Status, Birth_Year, Spc_ID, Enc_ID, Building_ID) VALUES ('A137', 'Healthy', 2019, 'S037', 'EC037', 'B1003');
--INSERT INTO ANIMAL (Ani_ID, Status, Birth_Year, Spc_ID, Enc_ID, Building_ID) VALUES ('A138', 'Ill', 2017, 'S038', 'EC038', 'B1003');
--INSERT INTO ANIMAL (Ani_ID, Status, Birth_Year, Spc_ID, Enc_ID, Building_ID) VALUES ('A139', 'Healthy', 2021, 'S038', 'EC038', 'B1003');
--INSERT INTO ANIMAL (Ani_ID, Status, Birth_Year, Spc_ID, Enc_ID, Building_ID) VALUES ('A140', 'Healthy', 2019, 'S038', 'EC038', 'B1003');
--INSERT INTO ANIMAL (Ani_ID, Status, Birth_Year, Spc_ID, Enc_ID, Building_ID) VALUES ('A141', 'Healthy', 2019, 'S039', 'EC039', 'B1003');
--INSERT INTO ANIMAL (Ani_ID, Status, Birth_Year, Spc_ID, Enc_ID, Building_ID) VALUES ('A142', 'Ill', 2017, 'S039', 'EC039', 'B1003');
--INSERT INTO ANIMAL (Ani_ID, Status, Birth_Year, Spc_ID, Enc_ID, Building_ID) VALUES ('A143', 'Healthy', 2021, 'S039', 'EC039', 'B1003');
--INSERT INTO ANIMAL (Ani_ID, Status, Birth_Year, Spc_ID, Enc_ID, Building_ID) VALUES ('A144', 'Healthy', 2019, 'S039', 'EC039', 'B1003');
--INSERT INTO ANIMAL (Ani_ID, Status, Birth_Year, Spc_ID, Enc_ID, Building_ID) VALUES ('A145', 'Healthy', 2019, 'S040', 'EC040', 'B1003');
--INSERT INTO ANIMAL (Ani_ID, Status, Birth_Year, Spc_ID, Enc_ID, Building_ID) VALUES ('A146', 'Ill', 2017, 'S040', 'EC040', 'B1003');
--INSERT INTO ANIMAL (Ani_ID, Status, Birth_Year, Spc_ID, Enc_ID, Building_ID) VALUES ('A147', 'Healthy', 2021, 'S040', 'EC040', 'B1003');
--INSERT INTO ANIMAL (Ani_ID, Status, Birth_Year, Spc_ID, Enc_ID, Building_ID) VALUES ('A148', 'Healthy', 2019, 'S040', 'EC040', 'B1003');
--INSERT INTO ANIMAL (Ani_ID, Status, Birth_Year, Spc_ID, Enc_ID, Building_ID) VALUES ('A149', 'Maternity', 2017, 'S041', 'EC041', 'B1005');
--INSERT INTO ANIMAL (Ani_ID, Status, Birth_Year, Spc_ID, Enc_ID, Building_ID) VALUES ('A150', 'Healthy', 2015, 'S041', 'EC041', 'B1005');
--INSERT INTO ANIMAL (Ani_ID, Status, Birth_Year, Spc_ID, Enc_ID, Building_ID) VALUES ('A151', 'Maternity', 2013, 'S041', 'EC041', 'B1005');
--INSERT INTO ANIMAL (Ani_ID, Status, Birth_Year, Spc_ID, Enc_ID, Building_ID) VALUES ('A152', 'Healthy', 2011, 'S041', 'EC041', 'B1005');
--INSERT INTO ANIMAL (Ani_ID, Status, Birth_Year, Spc_ID, Enc_ID, Building_ID) VALUES ('A153', 'Maternity', 2018, 'S042', 'EC042', 'B1005');
--INSERT INTO ANIMAL (Ani_ID, Status, Birth_Year, Spc_ID, Enc_ID, Building_ID) VALUES ('A154', 'Healthy', 2016, 'S042', 'EC042', 'B1005');
--INSERT INTO ANIMAL (Ani_ID, Status, Birth_Year, Spc_ID, Enc_ID, Building_ID) VALUES ('A155', 'Maternity', 2014, 'S042', 'EC042', 'B1005');
--INSERT INTO ANIMAL (Ani_ID, Status, Birth_Year, Spc_ID, Enc_ID, Building_ID) VALUES ('A156', 'Healthy', 2012, 'S042', 'EC042', 'B1005');
--INSERT INTO ANIMAL (Ani_ID, Status, Birth_Year, Spc_ID, Enc_ID, Building_ID) VALUES ('A157', 'Maternity', 2017, 'S043', 'EC043', 'B1005');
--INSERT INTO ANIMAL (Ani_ID, Status, Birth_Year, Spc_ID, Enc_ID, Building_ID) VALUES ('A158', 'Healthy', 2015, 'S043', 'EC043', 'B1005');
--INSERT INTO ANIMAL (Ani_ID, Status, Birth_Year, Spc_ID, Enc_ID, Building_ID) VALUES ('A159', 'Maternity', 2013, 'S043', 'EC043', 'B1005');
--INSERT INTO ANIMAL (Ani_ID, Status, Birth_Year, Spc_ID, Enc_ID, Building_ID) VALUES ('A160', 'Healthy', 2011, 'S043', 'EC043', 'B1005');
--INSERT INTO ANIMAL (Ani_ID, Status, Birth_Year, Spc_ID, Enc_ID, Building_ID) VALUES ('A161', 'Maternity', 2008, 'S044', 'EC044', 'B1005');
--INSERT INTO ANIMAL (Ani_ID, Status, Birth_Year, Spc_ID, Enc_ID, Building_ID) VALUES ('A162', 'Healthy', 2006, 'S044', 'EC044', 'B1005');
--INSERT INTO ANIMAL (Ani_ID, Status, Birth_Year, Spc_ID, Enc_ID, Building_ID) VALUES ('A163', 'Maternity', 2004, 'S044', 'EC044', 'B1005');
--INSERT INTO ANIMAL (Ani_ID, Status, Birth_Year, Spc_ID, Enc_ID, Building_ID) VALUES ('A164', 'Healthy', 2002, 'S044', 'EC044', 'B1005');
--INSERT INTO ANIMAL (Ani_ID, Status, Birth_Year, Spc_ID, Enc_ID, Building_ID) VALUES ('A165', 'Maternity', 2009, 'S045', 'EC045', 'B1005');
--INSERT INTO ANIMAL (Ani_ID, Status, Birth_Year, Spc_ID, Enc_ID, Building_ID) VALUES ('A166', 'Healthy', 2007, 'S045', 'EC045', 'B1005');
--INSERT INTO ANIMAL (Ani_ID, Status, Birth_Year, Spc_ID, Enc_ID, Building_ID) VALUES ('A167', 'Maternity', 2005, 'S045', 'EC045', 'B1005');
--INSERT INTO ANIMAL (Ani_ID, Status, Birth_Year, Spc_ID, Enc_ID, Building_ID) VALUES ('A168', 'Healthy', 2003, 'S045', 'EC045', 'B1005');
--INSERT INTO ANIMAL (Ani_ID, Status, Birth_Year, Spc_ID, Enc_ID, Building_ID) VALUES ('A169', 'Maternity', 2010, 'S046', 'EC046', 'B1005');
--INSERT INTO ANIMAL (Ani_ID, Status, Birth_Year, Spc_ID, Enc_ID, Building_ID) VALUES ('A170', 'Healthy', 2008, 'S046', 'EC046', 'B1005');
--INSERT INTO ANIMAL (Ani_ID, Status, Birth_Year, Spc_ID, Enc_ID, Building_ID) VALUES ('A171', 'Maternity', 2006, 'S046', 'EC046', 'B1005');
--INSERT INTO ANIMAL (Ani_ID, Status, Birth_Year, Spc_ID, Enc_ID, Building_ID) VALUES ('A172', 'Healthy', 2004, 'S046', 'EC046', 'B1005');
--INSERT INTO ANIMAL (Ani_ID, Status, Birth_Year, Spc_ID, Enc_ID, Building_ID) VALUES ('A173', 'Maternity', 1998, 'S047', 'EC047', 'B1005');
--INSERT INTO ANIMAL (Ani_ID, Status, Birth_Year, Spc_ID, Enc_ID, Building_ID) VALUES ('A174', 'Healthy', 1993, 'S047', 'EC047', 'B1005');
--INSERT INTO ANIMAL (Ani_ID, Status, Birth_Year, Spc_ID, Enc_ID, Building_ID) VALUES ('A175', 'Maternity', 1990, 'S047', 'EC047', 'B1005');
--INSERT INTO ANIMAL (Ani_ID, Status, Birth_Year, Spc_ID, Enc_ID, Building_ID) VALUES ('A176', 'Healthy', 1988, 'S047', 'EC047', 'B1005');
--INSERT INTO ANIMAL (Ani_ID, Status, Birth_Year, Spc_ID, Enc_ID, Building_ID) VALUES ('A177', 'Healthy', 2001, 'S048', 'EC048', 'B1005');
--INSERT INTO ANIMAL (Ani_ID, Status, Birth_Year, Spc_ID, Enc_ID, Building_ID) VALUES ('A178', 'Maternity', 1995, 'S048', 'EC048', 'B1005');
--INSERT INTO ANIMAL (Ani_ID, Status, Birth_Year, Spc_ID, Enc_ID, Building_ID) VALUES ('A179', 'Healthy', 1991, 'S048', 'EC048', 'B1005');
--INSERT INTO ANIMAL (Ani_ID, Status, Birth_Year, Spc_ID, Enc_ID, Building_ID) VALUES ('A180', 'Maternity', 1987, 'S048', 'EC048', 'B1005');
--INSERT INTO ANIMAL (Ani_ID, Status, Birth_Year, Spc_ID, Enc_ID, Building_ID) VALUES ('A181', 'Healthy', 1998, 'S049', 'EC049', 'B1005');
--INSERT INTO ANIMAL (Ani_ID, Status, Birth_Year, Spc_ID, Enc_ID, Building_ID) VALUES ('A182', 'Maternity', 1992, 'S049', 'EC049', 'B1005');
--INSERT INTO ANIMAL (Ani_ID, Status, Birth_Year, Spc_ID, Enc_ID, Building_ID) VALUES ('A183', 'Healthy', 1989, 'S049', 'EC049', 'B1005');
--INSERT INTO ANIMAL (Ani_ID, Status, Birth_Year, Spc_ID, Enc_ID, Building_ID) VALUES ('A184', 'Maternity', 1985, 'S049', 'EC049', 'B1005');
--INSERT INTO ANIMAL (Ani_ID, Status, Birth_Year, Spc_ID, Enc_ID, Building_ID) VALUES ('A185', 'Healthy', 1980, 'S050', 'EC050', 'B1005');
--INSERT INTO ANIMAL (Ani_ID, Status, Birth_Year, Spc_ID, Enc_ID, Building_ID) VALUES ('A186', 'Maternity', 1975, 'S050', 'EC050', 'B1005');
--INSERT INTO ANIMAL (Ani_ID, Status, Birth_Year, Spc_ID, Enc_ID, Building_ID) VALUES ('A187', 'Healthy', 1970, 'S050', 'EC050', 'B1005');
--INSERT INTO ANIMAL (Ani_ID, Status, Birth_Year, Spc_ID, Enc_ID, Building_ID) VALUES ('A188', 'Maternity', 1965, 'S050', 'EC050', 'B1005');
--INSERT INTO ANIMAL (Ani_ID, Status, Birth_Year, Spc_ID, Enc_ID, Building_ID) VALUES ('A189', 'Healthy', 1982, 'S051', 'EC051', 'B1005');
--INSERT INTO ANIMAL (Ani_ID, Status, Birth_Year, Spc_ID, Enc_ID, Building_ID) VALUES ('A190', 'Maternity', 1977, 'S051', 'EC051', 'B1005');
--INSERT INTO ANIMAL (Ani_ID, Status, Birth_Year, Spc_ID, Enc_ID, Building_ID) VALUES ('A191', 'Healthy', 1972, 'S051', 'EC051', 'B1005');
--INSERT INTO ANIMAL (Ani_ID, Status, Birth_Year, Spc_ID, Enc_ID, Building_ID) VALUES ('A192', 'Maternity', 1967, 'S051', 'EC051', 'B1005'); 
--INSERT INTO ANIMAL (Ani_ID, Status, Birth_Year, Spc_ID, Enc_ID, Building_ID) VALUES ('A193', 'Healthy', 1984, 'S052', 'EC052', 'B1005');
--INSERT INTO ANIMAL (Ani_ID, Status, Birth_Year, Spc_ID, Enc_ID, Building_ID) VALUES ('A194', 'Maternity', 1979, 'S052', 'EC052', 'B1005');
--INSERT INTO ANIMAL (Ani_ID, Status, Birth_Year, Spc_ID, Enc_ID, Building_ID) VALUES ('A195', 'Healthy', 1974, 'S052', 'EC052', 'B1005');
--INSERT INTO ANIMAL (Ani_ID, Status, Birth_Year, Spc_ID, Enc_ID, Building_ID) VALUES ('A196', 'Maternity', 1969, 'S052', 'EC052', 'B1005');
--INSERT INTO ANIMAL (Ani_ID, Status, Birth_Year, Spc_ID, Enc_ID, Building_ID) VALUES ('A197', 'Healthy', 2008, 'S053', 'EC053', 'B1005');
--INSERT INTO ANIMAL (Ani_ID, Status, Birth_Year, Spc_ID, Enc_ID, Building_ID) VALUES ('A198', 'Maternity', 2000, 'S053', 'EC053', 'B1005');
--INSERT INTO ANIMAL (Ani_ID, Status, Birth_Year, Spc_ID, Enc_ID, Building_ID) VALUES ('A199', 'Healthy', 1992, 'S053', 'EC053', 'B1005');
--INSERT INTO ANIMAL (Ani_ID, Status, Birth_Year, Spc_ID, Enc_ID, Building_ID) VALUES ('A200', 'Maternity', 1984, 'S053', 'EC053', 'B1005');
--INSERT INTO ANIMAL (Ani_ID, Status, Birth_Year, Spc_ID, Enc_ID, Building_ID) VALUES ('A201', 'Healthy', 2007, 'S054', 'EC054', 'B1005');
--INSERT INTO ANIMAL (Ani_ID, Status, Birth_Year, Spc_ID, Enc_ID, Building_ID) VALUES ('A202', 'Maternity', 1999, 'S054', 'EC054', 'B1005');
--INSERT INTO ANIMAL (Ani_ID, Status, Birth_Year, Spc_ID, Enc_ID, Building_ID) VALUES ('A203', 'Healthy', 1991, 'S054', 'EC054', 'B1005');
--INSERT INTO ANIMAL (Ani_ID, Status, Birth_Year, Spc_ID, Enc_ID, Building_ID) VALUES ('A204', 'Maternity', 1983, 'S054', 'EC054', 'B1005');
--INSERT INTO ANIMAL (Ani_ID, Status, Birth_Year, Spc_ID, Enc_ID, Building_ID) VALUES ('A205', 'Healthy', 2006, 'S055', 'EC055', 'B1005');
--INSERT INTO ANIMAL (Ani_ID, Status, Birth_Year, Spc_ID, Enc_ID, Building_ID) VALUES ('A206', 'Maternity', 1998, 'S055', 'EC055', 'B1005');
--INSERT INTO ANIMAL (Ani_ID, Status, Birth_Year, Spc_ID, Enc_ID, Building_ID) VALUES ('A207', 'Healthy', 1990, 'S055', 'EC055', 'B1005');
--INSERT INTO ANIMAL (Ani_ID, Status, Birth_Year, Spc_ID, Enc_ID, Building_ID) VALUES ('A208', 'Maternity', 1982, 'S055', 'EC055', 'B1005');
--INSERT INTO ANIMAL (Ani_ID, Status, Birth_Year, Spc_ID, Enc_ID, Building_ID) VALUES ('A209', 'Healthy', 2005, 'S056', 'EC056', 'B1006');
--INSERT INTO ANIMAL (Ani_ID, Status, Birth_Year, Spc_ID, Enc_ID, Building_ID) VALUES ('A210', 'Maternity', 1997, 'S056', 'EC056', 'B1006');
--INSERT INTO ANIMAL (Ani_ID, Status, Birth_Year, Spc_ID, Enc_ID, Building_ID) VALUES ('A211', 'Healthy', 2013, 'S056', 'EC056', 'B1006');
--INSERT INTO ANIMAL (Ani_ID, Status, Birth_Year, Spc_ID, Enc_ID, Building_ID) VALUES ('A212', 'Maternity', 1989, 'S056', 'EC056', 'B1006');
--INSERT INTO ANIMAL (Ani_ID, Status, Birth_Year, Spc_ID, Enc_ID, Building_ID) VALUES ('A213', 'Healthy', 2002, 'S057', 'EC057', 'B1006');
--INSERT INTO ANIMAL (Ani_ID, Status, Birth_Year, Spc_ID, Enc_ID, Building_ID) VALUES ('A214', 'Maternity', 1994, 'S057', 'EC057', 'B1006');
--INSERT INTO ANIMAL (Ani_ID, Status, Birth_Year, Spc_ID, Enc_ID, Building_ID) VALUES ('A215', 'Healthy', 2010, 'S057', 'EC057', 'B1006');
--INSERT INTO ANIMAL (Ani_ID, Status, Birth_Year, Spc_ID, Enc_ID, Building_ID) VALUES ('A216', 'Ill', 1986, 'S057', 'EC057', 'B1006');
--INSERT INTO ANIMAL (Ani_ID, Status, Birth_Year, Spc_ID, Enc_ID, Building_ID) VALUES ('A217', 'Healthy', 1999, 'S058', 'EC058', 'B1006');
--INSERT INTO ANIMAL (Ani_ID, Status, Birth_Year, Spc_ID, Enc_ID, Building_ID) VALUES ('A218', 'Ill', 1991, 'S058', 'EC058', 'B1006');
--INSERT INTO ANIMAL (Ani_ID, Status, Birth_Year, Spc_ID, Enc_ID, Building_ID) VALUES ('A219', 'Healthy', 2007, 'S058', 'EC058', 'B1006');
--INSERT INTO ANIMAL (Ani_ID, Status, Birth_Year, Spc_ID, Enc_ID, Building_ID) VALUES ('A220', 'Ill', 1983, 'S058', 'EC058', 'B1006');
--INSERT INTO ANIMAL (Ani_ID, Status, Birth_Year, Spc_ID, Enc_ID, Building_ID) VALUES ('A221', 'Healthy', 1990, 'S059', 'EC059', 'B1006');
--INSERT INTO ANIMAL (Ani_ID, Status, Birth_Year, Spc_ID, Enc_ID, Building_ID) VALUES ('A222', 'Ill', 1978, 'S059', 'EC059', 'B1006');
--INSERT INTO ANIMAL (Ani_ID, Status, Birth_Year, Spc_ID, Enc_ID, Building_ID) VALUES ('A223', 'Healthy', 1987, 'S059', 'EC059', 'B1006');
--INSERT INTO ANIMAL (Ani_ID, Status, Birth_Year, Spc_ID, Enc_ID, Building_ID) VALUES ('A224', 'Ill', 1975, 'S059', 'EC059', 'B1006');
--INSERT INTO ANIMAL (Ani_ID, Status, Birth_Year, Spc_ID, Enc_ID, Building_ID) VALUES ('A225', 'Healthy', 1992, 'S060', 'EC060', 'B1006');
--INSERT INTO ANIMAL (Ani_ID, Status, Birth_Year, Spc_ID, Enc_ID, Building_ID) VALUES ('A226', 'Ill', 1980, 'S060', 'EC060', 'B1006');
--INSERT INTO ANIMAL (Ani_ID, Status, Birth_Year, Spc_ID, Enc_ID, Building_ID) VALUES ('A227', 'Healthy', 1989, 'S060', 'EC060', 'B1006');
--INSERT INTO ANIMAL (Ani_ID, Status, Birth_Year, Spc_ID, Enc_ID, Building_ID) VALUES ('A228', 'Ill', 1977, 'S060', 'EC060', 'B1006');
--INSERT INTO ANIMAL (Ani_ID, Status, Birth_Year, Spc_ID, Enc_ID, Building_ID) VALUES ('A229', 'Healthy', 1980, 'S061', 'EC061', 'B1006');
--INSERT INTO ANIMAL (Ani_ID, Status, Birth_Year, Spc_ID, Enc_ID, Building_ID) VALUES ('A230', 'Ill', 1975, 'S061', 'EC061', 'B1006');
--INSERT INTO ANIMAL (Ani_ID, Status, Birth_Year, Spc_ID, Enc_ID, Building_ID) VALUES ('A231', 'Healthy', 1983, 'S061', 'EC061', 'B1006');
--INSERT INTO ANIMAL (Ani_ID, Status, Birth_Year, Spc_ID, Enc_ID, Building_ID) VALUES ('A232', 'Ill', 1972, 'S061', 'EC061', 'B1006');
--INSERT INTO ANIMAL (Ani_ID, Status, Birth_Year, Spc_ID, Enc_ID, Building_ID) VALUES ('A233', 'Healthy', 1981, 'S062', 'EC062', 'B1006');
--INSERT INTO ANIMAL (Ani_ID, Status, Birth_Year, Spc_ID, Enc_ID, Building_ID) VALUES ('A234', 'Ill', 1978, 'S062', 'EC062', 'B1006');
--INSERT INTO ANIMAL (Ani_ID, Status, Birth_Year, Spc_ID, Enc_ID, Building_ID) VALUES ('A235', 'Healthy', 1984, 'S062', 'EC062', 'B1006');
--INSERT INTO ANIMAL (Ani_ID, Status, Birth_Year, Spc_ID, Enc_ID, Building_ID) VALUES ('A236', 'Ill', 1974, 'S062', 'EC062', 'B1006');
--INSERT INTO ANIMAL (Ani_ID, Status, Birth_Year, Spc_ID, Enc_ID, Building_ID) VALUES ('A237', 'Healthy', 1982, 'S063', 'EC063', 'B1006');
--INSERT INTO ANIMAL (Ani_ID, Status, Birth_Year, Spc_ID, Enc_ID, Building_ID) VALUES ('A238', 'Ill', 1979, 'S063', 'EC063', 'B1006');
--INSERT INTO ANIMAL (Ani_ID, Status, Birth_Year, Spc_ID, Enc_ID, Building_ID) VALUES ('A239', 'Healthy', 1985, 'S063', 'EC063', 'B1006');
--INSERT INTO ANIMAL (Ani_ID, Status, Birth_Year, Spc_ID, Enc_ID, Building_ID) VALUES ('A240', 'Healthy', 1980, 'S064', 'EC064', 'B1006');
--INSERT INTO ANIMAL (Ani_ID, Status, Birth_Year, Spc_ID, Enc_ID, Building_ID) VALUES ('A241', 'Ill', 1975, 'S064', 'EC064', 'B1006');
--INSERT INTO ANIMAL (Ani_ID, Status, Birth_Year, Spc_ID, Enc_ID, Building_ID) VALUES ('A242', 'Healthy', 1970, 'S064', 'EC064', 'B1006');
--INSERT INTO ANIMAL (Ani_ID, Status, Birth_Year, Spc_ID, Enc_ID, Building_ID) VALUES ('A243', 'Ill', 1965, 'S064', 'EC064', 'B1006');
--INSERT INTO ANIMAL (Ani_ID, Status, Birth_Year, Spc_ID, Enc_ID, Building_ID) VALUES ('A244', 'Healthy', 1985, 'S065', 'EC065', 'B1006');
--INSERT INTO ANIMAL (Ani_ID, Status, Birth_Year, Spc_ID, Enc_ID, Building_ID) VALUES ('A245', 'Ill', 1980, 'S065', 'EC065', 'B1006');
--INSERT INTO ANIMAL (Ani_ID, Status, Birth_Year, Spc_ID, Enc_ID, Building_ID) VALUES ('A246', 'Healthy', 2005, 'S066', 'EC066', 'B1008');
--INSERT INTO ANIMAL (Ani_ID, Status, Birth_Year, Spc_ID, Enc_ID, Building_ID) VALUES ('A247', 'Ill', 1998, 'S067', 'EC067', 'B1008');
--INSERT INTO ANIMAL (Ani_ID, Status, Birth_Year, Spc_ID, Enc_ID, Building_ID) VALUES ('A248', 'Healthy', 2008, 'S067', 'EC067', 'B1008');
--INSERT INTO ANIMAL (Ani_ID, Status, Birth_Year, Spc_ID, Enc_ID, Building_ID) VALUES ('A249', 'Ill', 1995, 'S068', 'EC068', 'B1008');
--INSERT INTO ANIMAL (Ani_ID, Status, Birth_Year, Spc_ID, Enc_ID, Building_ID) VALUES ('A250', 'Healthy', 2010, 'S068', 'EC068', 'B1008');
--INSERT INTO ANIMAL (Ani_ID, Status, Birth_Year, Spc_ID, Enc_ID, Building_ID) VALUES ('A251', 'Ill', 1992, 'S069', 'EC069', 'B1008');
--INSERT INTO ANIMAL (Ani_ID, Status, Birth_Year, Spc_ID, Enc_ID, Building_ID) VALUES ('A252', 'Healthy', 2012, 'S069', 'EC069', 'B1008');
--INSERT INTO ANIMAL (Ani_ID, Status, Birth_Year, Spc_ID, Enc_ID, Building_ID) VALUES ('A253', 'Ill', 1989, 'S070', 'EC070', 'B1008');
--INSERT INTO ANIMAL (Ani_ID, Status, Birth_Year, Spc_ID, Enc_ID, Building_ID) VALUES ('A254', 'Healthy', 2015, 'S070', 'EC070', 'B1008');
--INSERT INTO ANIMAL (Ani_ID, Status, Birth_Year, Spc_ID, Enc_ID, Building_ID) VALUES ('A255', 'Healthy', 2021, 'S071', 'EC071', 'B1008');
--INSERT INTO ANIMAL (Ani_ID, Status, Birth_Year, Spc_ID, Enc_ID, Building_ID) VALUES ('A256', 'Ill', 2018, 'S071', 'EC071', 'B1008');
--INSERT INTO ANIMAL (Ani_ID, Status, Birth_Year, Spc_ID, Enc_ID, Building_ID) VALUES ('A257', 'Healthy', 2020, 'S072', 'EC072', 'B1008');
--INSERT INTO ANIMAL (Ani_ID, Status, Birth_Year, Spc_ID, Enc_ID, Building_ID) VALUES ('A258', 'Ill', 2017, 'S072', 'EC072', 'B1008');
--INSERT INTO ANIMAL (Ani_ID, Status, Birth_Year, Spc_ID, Enc_ID, Building_ID) VALUES ('A259', 'Healthy', 2019, 'S073', 'EC073', 'B1008');
--INSERT INTO ANIMAL (Ani_ID, Status, Birth_Year, Spc_ID, Enc_ID, Building_ID) VALUES ('A260', 'Ill', 2016, 'S073', 'EC073', 'B1008');
--INSERT INTO ANIMAL (Ani_ID, Status, Birth_Year, Spc_ID, Enc_ID, Building_ID) VALUES ('A261', 'Healthy', 2018, 'S074', 'EC074', 'B1008');
--INSERT INTO ANIMAL (Ani_ID, Status, Birth_Year, Spc_ID, Enc_ID, Building_ID) VALUES ('A262', 'Ill', 2015, 'S074', 'EC074', 'B1008');
--INSERT INTO ANIMAL (Ani_ID, Status, Birth_Year, Spc_ID, Enc_ID, Building_ID) VALUES ('A263', 'Healthy', 2017, 'S075', 'EC075', 'B1008');
--INSERT INTO ANIMAL (Ani_ID, Status, Birth_Year, Spc_ID, Enc_ID, Building_ID) VALUES ('A264', 'Ill', 2014, 'S075', 'EC075', 'B1008');
--INSERT INTO ANIMAL (Ani_ID, Status, Birth_Year, Spc_ID, Enc_ID, Building_ID) VALUES ('A265', 'Healthy', 2019, 'S076', 'EC076', 'B1007');
--INSERT INTO ANIMAL (Ani_ID, Status, Birth_Year, Spc_ID, Enc_ID, Building_ID) VALUES ('A266', 'Ill', 2016, 'S077', 'EC077', 'B1007');
--INSERT INTO ANIMAL (Ani_ID, Status, Birth_Year, Spc_ID, Enc_ID, Building_ID) VALUES ('A267', 'Healthy', 2014, 'S078', 'EC078', 'B1007');
--INSERT INTO ANIMAL (Ani_ID, Status, Birth_Year, Spc_ID, Enc_ID, Building_ID) VALUES ('A268', 'Ill', 2013, 'S079', 'EC079', 'B1007');
--INSERT INTO ANIMAL (Ani_ID, Status, Birth_Year, Spc_ID, Enc_ID, Building_ID) VALUES ('A269', 'Healthy', 2012, 'S080', 'EC080', 'B1007');
--INSERT INTO ANIMAL (Ani_ID, Status, Birth_Year, Spc_ID, Enc_ID, Building_ID) VALUES ('A270', 'Healthy', 2019, 'S081', 'EC081', 'B1011');
--INSERT INTO ANIMAL (Ani_ID, Status, Birth_Year, Spc_ID, Enc_ID, Building_ID) VALUES ('A271', 'Ill', 2017, 'S081', 'EC081', 'B1011');
--INSERT INTO ANIMAL (Ani_ID, Status, Birth_Year, Spc_ID, Enc_ID, Building_ID) VALUES ('A272', 'Healthy', 2015, 'S081', 'EC081', 'B1011');
--INSERT INTO ANIMAL (Ani_ID, Status, Birth_Year, Spc_ID, Enc_ID, Building_ID) VALUES ('A273', 'Ill', 2020, 'S082', 'EC082', 'B1011');
--INSERT INTO ANIMAL (Ani_ID, Status, Birth_Year, Spc_ID, Enc_ID, Building_ID) VALUES ('A274', 'Healthy', 2018, 'S082', 'EC082', 'B1011');
--INSERT INTO ANIMAL (Ani_ID, Status, Birth_Year, Spc_ID, Enc_ID, Building_ID) VALUES ('A275', 'Ill', 2016, 'S082', 'EC082', 'B1011');
--INSERT INTO ANIMAL (Ani_ID, Status, Birth_Year, Spc_ID, Enc_ID, Building_ID) VALUES ('A276', 'Healthy', 2021, 'S083', 'EC083', 'B1011');
--INSERT INTO ANIMAL (Ani_ID, Status, Birth_Year, Spc_ID, Enc_ID, Building_ID) VALUES ('A277', 'Ill', 2019, 'S083', 'EC083', 'B1011');
--INSERT INTO ANIMAL (Ani_ID, Status, Birth_Year, Spc_ID, Enc_ID, Building_ID) VALUES ('A278', 'Healthy', 2017, 'S083', 'EC083', 'B1011'); 
--INSERT INTO ANIMAL (Ani_ID, Status, Birth_Year, Spc_ID, Enc_ID, Building_ID) VALUES ('A279', 'Ill', 2015, 'S084', 'EC084', 'B1011');
--INSERT INTO ANIMAL (Ani_ID, Status, Birth_Year, Spc_ID, Enc_ID, Building_ID) VALUES ('A280', 'Healthy', 2013, 'S084', 'EC084', 'B1011');
--INSERT INTO ANIMAL (Ani_ID, Status, Birth_Year, Spc_ID, Enc_ID, Building_ID) VALUES ('A281', 'Ill', 2011, 'S084', 'EC084', 'B1011');
--INSERT INTO ANIMAL (Ani_ID, Status, Birth_Year, Spc_ID, Enc_ID, Building_ID) VALUES ('A282', 'Healthy', 2018, 'S085', 'EC085', 'B1011');
--INSERT INTO ANIMAL (Ani_ID, Status, Birth_Year, Spc_ID, Enc_ID, Building_ID) VALUES ('A283', 'Ill', 2015, 'S085', 'EC085', 'B1011');
--INSERT INTO ANIMAL (Ani_ID, Status, Birth_Year, Spc_ID, Enc_ID, Building_ID) VALUES ('A284', 'Healthy', 2014, 'S086', 'EC086', 'B1011');
--INSERT INTO ANIMAL (Ani_ID, Status, Birth_Year, Spc_ID, Enc_ID, Building_ID) VALUES ('A285', 'Ill', 2013, 'S087', 'EC087', 'B1011');
--INSERT INTO ANIMAL (Ani_ID, Status, Birth_Year, Spc_ID, Enc_ID, Building_ID) VALUES ('A286', 'Healthy', 2012, 'S088', 'EC088', 'B1011');
--INSERT INTO ANIMAL (Ani_ID, Status, Birth_Year, Spc_ID, Enc_ID, Building_ID) VALUES ('A287', 'Ill', 2011, 'S089', 'EC089', 'B1011');
--INSERT INTO ANIMAL (Ani_ID, Status, Birth_Year, Spc_ID, Enc_ID, Building_ID) VALUES ('A288', 'Healthy', 2010, 'S090', 'EC090', 'B1011');
--INSERT INTO ANIMAL (Ani_ID, Status, Birth_Year, Spc_ID, Enc_ID, Building_ID) VALUES ('A289', 'Ill', 2012, 'S091', 'EC091', 'B1004');
--INSERT INTO ANIMAL (Ani_ID, Status, Birth_Year, Spc_ID, Enc_ID, Building_ID) VALUES ('A290', 'Healthy', 2017, 'S091', 'EC091', 'B1004');
--INSERT INTO ANIMAL (Ani_ID, Status, Birth_Year, Spc_ID, Enc_ID, Building_ID) VALUES ('A291', 'Ill', 2014, 'S091', 'EC091', 'B1004');
--INSERT INTO ANIMAL (Ani_ID, Status, Birth_Year, Spc_ID, Enc_ID, Building_ID) VALUES ('A292', 'Healthy', 2016, 'S092', 'EC092', 'B1004');
--INSERT INTO ANIMAL (Ani_ID, Status, Birth_Year, Spc_ID, Enc_ID, Building_ID) VALUES ('A293', 'Maternity', 2019, 'S092', 'EC092', 'B1004');
--INSERT INTO ANIMAL (Ani_ID, Status, Birth_Year, Spc_ID, Enc_ID, Building_ID) VALUES ('A294', 'Healthy', 2013, 'S092', 'EC092', 'B1004');
--INSERT INTO ANIMAL (Ani_ID, Status, Birth_Year, Spc_ID, Enc_ID, Building_ID) VALUES ('A295', 'Maternity', 2015, 'S093', 'EC093', 'B1004');
--INSERT INTO ANIMAL (Ani_ID, Status, Birth_Year, Spc_ID, Enc_ID, Building_ID) VALUES ('A296', 'Healthy', 2010, 'S093', 'EC093', 'B1004');
--INSERT INTO ANIMAL (Ani_ID, Status, Birth_Year, Spc_ID, Enc_ID, Building_ID) VALUES ('A297', 'Maternity', 2018, 'S093', 'EC093', 'B1004');
--INSERT INTO ANIMAL (Ani_ID, Status, Birth_Year, Spc_ID, Enc_ID, Building_ID) VALUES ('A298', 'Healthy', 2011, 'S094', 'EC094', 'B1004');
--INSERT INTO ANIMAL (Ani_ID, Status, Birth_Year, Spc_ID, Enc_ID, Building_ID) VALUES ('A299', 'Maternity', 2014, 'S094', 'EC094', 'B1004');
--INSERT INTO ANIMAL (Ani_ID, Status, Birth_Year, Spc_ID, Enc_ID, Building_ID) VALUES ('A300', 'Healthy', 2019, 'S094', 'EC094', 'B1004');
--INSERT INTO ANIMAL (Ani_ID, Status, Birth_Year, Spc_ID, Enc_ID, Building_ID) VALUES ('A301', 'Healthy', 2020, 'S095', 'EC095', 'B1004');
--INSERT INTO ANIMAL (Ani_ID, Status, Birth_Year, Spc_ID, Enc_ID, Building_ID) VALUES ('A302', 'Maternity', 2018, 'S095', 'EC095', 'B1004');
--INSERT INTO ANIMAL (Ani_ID, Status, Birth_Year, Spc_ID, Enc_ID, Building_ID) VALUES ('A303', 'Healthy', 2016, 'S095', 'EC095', 'B1004');
--INSERT INTO ANIMAL (Ani_ID, Status, Birth_Year, Spc_ID, Enc_ID, Building_ID) VALUES ('A304', 'Maternity', 2020, 'S096', 'EC096', 'B1004');
--INSERT INTO ANIMAL (Ani_ID, Status, Birth_Year, Spc_ID, Enc_ID, Building_ID) VALUES ('A305', 'Healthy', 2019, 'S096', 'EC096', 'B1004');
--INSERT INTO ANIMAL (Ani_ID, Status, Birth_Year, Spc_ID, Enc_ID, Building_ID) VALUES ('A306', 'Maternity', 2017, 'S096', 'EC096', 'B1004');
--INSERT INTO ANIMAL (Ani_ID, Status, Birth_Year, Spc_ID, Enc_ID, Building_ID) VALUES ('A307', 'Healthy', 2022, 'S097', 'EC097', 'B1004');
--INSERT INTO ANIMAL (Ani_ID, Status, Birth_Year, Spc_ID, Enc_ID, Building_ID) VALUES ('A308', 'Maternity', 2021, 'S097', 'EC097', 'B1004');
--INSERT INTO ANIMAL (Ani_ID, Status, Birth_Year, Spc_ID, Enc_ID, Building_ID) VALUES ('A309', 'Healthy', 2018, 'S097', 'EC097', 'B1004');
--INSERT INTO ANIMAL (Ani_ID, Status, Birth_Year, Spc_ID, Enc_ID, Building_ID) VALUES ('A310', 'Maternity', 2017, 'S098', 'EC098', 'B1004');
--INSERT INTO ANIMAL (Ani_ID, Status, Birth_Year, Spc_ID, Enc_ID, Building_ID) VALUES ('A311', 'Healthy', 2016, 'S098', 'EC098', 'B1004');
--INSERT INTO ANIMAL (Ani_ID, Status, Birth_Year, Spc_ID, Enc_ID, Building_ID) VALUES ('A312', 'Maternity', 2014, 'S098', 'EC098', 'B1004');
--INSERT INTO ANIMAL (Ani_ID, Status, Birth_Year, Spc_ID, Enc_ID, Building_ID) VALUES ('A313', 'Healthy', 2015, 'S099', 'EC099', 'B1004');
--INSERT INTO ANIMAL (Ani_ID, Status, Birth_Year, Spc_ID, Enc_ID, Building_ID) VALUES ('A314', 'Healthy', 2015, 'S100', 'EC100', 'B1004');


--INSERT INTO REVENUE_EVENTS (Date_Time, Revenue, Tickets_Sold, RevenueTypes_ID) VALUES (TO_DATE('2023-01-01', 'YYYY-MM-DD'), FLOOR(dbms_random.value(100000, 1000000)) + 1, FLOOR(dbms_random.value(1000, 10000)) + 1, 'RT101');
--INSERT INTO REVENUE_EVENTS (Date_Time, Revenue, Tickets_Sold, RevenueTypes_ID) VALUES (TO_DATE('2023-01-01', 'YYYY-MM-DD'), FLOOR(dbms_random.value(1, 100000)) + 1, FLOOR(dbms_random.value(1, 1000)) + 1, 'RT102');
--INSERT INTO REVENUE_EVENTS (Date_Time, Revenue, Tickets_Sold, RevenueTypes_ID) VALUES (TO_DATE('2023-01-01', 'YYYY-MM-DD'), FLOOR(dbms_random.value(1, 100000)) + 1, FLOOR(dbms_random.value(1, 1000)) + 1, 'RT103');
--INSERT INTO REVENUE_EVENTS (Date_Time, Revenue, Tickets_Sold, RevenueTypes_ID) VALUES (TO_DATE('2023-01-01', 'YYYY-MM-DD'), FLOOR(dbms_random.value(1, 100000)) + 1, FLOOR(dbms_random.value(1, 1000)) + 1, 'RT104');
--INSERT INTO REVENUE_EVENTS (Date_Time, Revenue, Tickets_Sold, RevenueTypes_ID) VALUES (TO_DATE('2023-01-01', 'YYYY-MM-DD'), FLOOR(dbms_random.value(1, 100000)) + 1, FLOOR(dbms_random.value(1, 1000)) + 1, 'RT105');
--INSERT INTO REVENUE_EVENTS (Date_Time, Revenue, Tickets_Sold, RevenueTypes_ID) VALUES (TO_DATE('2023-01-01', 'YYYY-MM-DD'), FLOOR(dbms_random.value(1, 100000)) + 1, FLOOR(dbms_random.value(1, 1000)) + 1, 'RT106');
--INSERT INTO REVENUE_EVENTS (Date_Time, Revenue, Tickets_Sold, RevenueTypes_ID) VALUES (TO_DATE('2023-01-01', 'YYYY-MM-DD'), FLOOR(dbms_random.value(1, 100000)) + 1, FLOOR(dbms_random.value(1, 1000)) + 1, 'RT107');
--INSERT INTO REVENUE_EVENTS (Date_Time, Revenue, Tickets_Sold, RevenueTypes_ID) VALUES (TO_DATE('2023-01-01', 'YYYY-MM-DD'), FLOOR(dbms_random.value(1, 100000)) + 1, FLOOR(dbms_random.value(1, 1000)) + 1, 'RT108');
--INSERT INTO REVENUE_EVENTS (Date_Time, Revenue, Tickets_Sold, RevenueTypes_ID) VALUES (TO_DATE('2023-01-01', 'YYYY-MM-DD'), FLOOR(dbms_random.value(1, 100000)) + 1, FLOOR(dbms_random.value(1, 1000)) + 1, 'RT109');
--INSERT INTO REVENUE_EVENTS (Date_Time, Revenue, Tickets_Sold, RevenueTypes_ID) VALUES (TO_DATE('2023-01-01', 'YYYY-MM-DD'), FLOOR(dbms_random.value(1, 100000)) + 1, FLOOR(dbms_random.value(1, 1000)) + 1, 'RT110');
--INSERT INTO REVENUE_EVENTS (Date_Time, Revenue, Tickets_Sold, RevenueTypes_ID) VALUES (TO_DATE('2023-01-01', 'YYYY-MM-DD'), FLOOR(dbms_random.value(1, 100000)) + 1, FLOOR(dbms_random.value(1, 1000)) + 1, 'RT111');
--INSERT INTO REVENUE_EVENTS (Date_Time, Revenue, Tickets_Sold, RevenueTypes_ID) VALUES (TO_DATE('2023-01-01', 'YYYY-MM-DD'), FLOOR(dbms_random.value(1, 100000)) + 1, FLOOR(dbms_random.value(1, 1000)) + 1, 'RT112');
--INSERT INTO REVENUE_EVENTS (Date_Time, Revenue, Tickets_Sold, RevenueTypes_ID) VALUES (TO_DATE('2023-01-02', 'YYYY-MM-DD'), FLOOR(dbms_random.value(100000, 1000000)) + 1, FLOOR(dbms_random.value(1000, 10000)) + 1, 'RT101');
--INSERT INTO REVENUE_EVENTS (Date_Time, Revenue, Tickets_Sold, RevenueTypes_ID) VALUES (TO_DATE('2023-01-02', 'YYYY-MM-DD'), FLOOR(dbms_random.value(1, 100000)) + 1, FLOOR(dbms_random.value(1, 1000)) + 1, 'RT102');
--INSERT INTO REVENUE_EVENTS (Date_Time, Revenue, Tickets_Sold, RevenueTypes_ID) VALUES (TO_DATE('2023-01-02', 'YYYY-MM-DD'), FLOOR(dbms_random.value(1, 100000)) + 1, FLOOR(dbms_random.value(1, 1000)) + 1, 'RT103');
--INSERT INTO REVENUE_EVENTS (Date_Time, Revenue, Tickets_Sold, RevenueTypes_ID) VALUES (TO_DATE('2023-01-02', 'YYYY-MM-DD'), FLOOR(dbms_random.value(1, 100000)) + 1, FLOOR(dbms_random.value(1, 1000)) + 1, 'RT104');
--INSERT INTO REVENUE_EVENTS (Date_Time, Revenue, Tickets_Sold, RevenueTypes_ID) VALUES (TO_DATE('2023-01-02', 'YYYY-MM-DD'), FLOOR(dbms_random.value(1, 100000)) + 1, FLOOR(dbms_random.value(1, 1000)) + 1, 'RT105');
--INSERT INTO REVENUE_EVENTS (Date_Time, Revenue, Tickets_Sold, RevenueTypes_ID) VALUES (TO_DATE('2023-01-02', 'YYYY-MM-DD'), FLOOR(dbms_random.value(1, 100000)) + 1, FLOOR(dbms_random.value(1, 1000)) + 1, 'RT106');
--INSERT INTO REVENUE_EVENTS (Date_Time, Revenue, Tickets_Sold, RevenueTypes_ID) VALUES (TO_DATE('2023-01-02', 'YYYY-MM-DD'), FLOOR(dbms_random.value(1, 100000)) + 1, FLOOR(dbms_random.value(1, 1000)) + 1, 'RT107');
--INSERT INTO REVENUE_EVENTS (Date_Time, Revenue, Tickets_Sold, RevenueTypes_ID) VALUES (TO_DATE('2023-01-02', 'YYYY-MM-DD'), FLOOR(dbms_random.value(1, 100000)) + 1, FLOOR(dbms_random.value(1, 1000)) + 1, 'RT108');
--INSERT INTO REVENUE_EVENTS (Date_Time, Revenue, Tickets_Sold, RevenueTypes_ID) VALUES (TO_DATE('2023-01-02', 'YYYY-MM-DD'), FLOOR(dbms_random.value(1, 100000)) + 1, FLOOR(dbms_random.value(1, 1000)) + 1, 'RT109');
--INSERT INTO REVENUE_EVENTS (Date_Time, Revenue, Tickets_Sold, RevenueTypes_ID) VALUES (TO_DATE('2023-01-02', 'YYYY-MM-DD'), FLOOR(dbms_random.value(1, 100000)) + 1, FLOOR(dbms_random.value(1, 1000)) + 1, 'RT110');
--INSERT INTO REVENUE_EVENTS (Date_Time, Revenue, Tickets_Sold, RevenueTypes_ID) VALUES (TO_DATE('2023-01-02', 'YYYY-MM-DD'), FLOOR(dbms_random.value(1, 100000)) + 1, FLOOR(dbms_random.value(1, 1000)) + 1, 'RT111');
--INSERT INTO REVENUE_EVENTS (Date_Time, Revenue, Tickets_Sold, RevenueTypes_ID) VALUES (TO_DATE('2023-01-02', 'YYYY-MM-DD'), FLOOR(dbms_random.value(1, 100000)) + 1, FLOOR(dbms_random.value(1, 1000)) + 1, 'RT112');
--INSERT INTO REVENUE_EVENTS (Date_Time, Revenue, Tickets_Sold, RevenueTypes_ID) VALUES (TO_DATE('2023-01-03', 'YYYY-MM-DD'), FLOOR(dbms_random.value(100000, 1000000)) + 1, FLOOR(dbms_random.value(1000, 10000)) + 1, 'RT101');
--INSERT INTO REVENUE_EVENTS (Date_Time, Revenue, Tickets_Sold, RevenueTypes_ID) VALUES (TO_DATE('2023-01-03', 'YYYY-MM-DD'), FLOOR(dbms_random.value(1, 100000)) + 1, FLOOR(dbms_random.value(1, 1000)) + 1, 'RT102');
--INSERT INTO REVENUE_EVENTS (Date_Time, Revenue, Tickets_Sold, RevenueTypes_ID) VALUES (TO_DATE('2023-01-03', 'YYYY-MM-DD'), FLOOR(dbms_random.value(1, 100000)) + 1, FLOOR(dbms_random.value(1, 1000)) + 1, 'RT103');
--INSERT INTO REVENUE_EVENTS (Date_Time, Revenue, Tickets_Sold, RevenueTypes_ID) VALUES (TO_DATE('2023-01-03', 'YYYY-MM-DD'), FLOOR(dbms_random.value(1, 100000)) + 1, FLOOR(dbms_random.value(1, 1000)) + 1, 'RT104');
--INSERT INTO REVENUE_EVENTS (Date_Time, Revenue, Tickets_Sold, RevenueTypes_ID) VALUES (TO_DATE('2023-01-03', 'YYYY-MM-DD'), FLOOR(dbms_random.value(1, 100000)) + 1, FLOOR(dbms_random.value(1, 1000)) + 1, 'RT105');
--INSERT INTO REVENUE_EVENTS (Date_Time, Revenue, Tickets_Sold, RevenueTypes_ID) VALUES (TO_DATE('2023-01-03', 'YYYY-MM-DD'), FLOOR(dbms_random.value(1, 100000)) + 1, FLOOR(dbms_random.value(1, 1000)) + 1, 'RT106');
--INSERT INTO REVENUE_EVENTS (Date_Time, Revenue, Tickets_Sold, RevenueTypes_ID) VALUES (TO_DATE('2023-01-03', 'YYYY-MM-DD'), FLOOR(dbms_random.value(1, 100000)) + 1, FLOOR(dbms_random.value(1, 1000)) + 1, 'RT107');
--INSERT INTO REVENUE_EVENTS (Date_Time, Revenue, Tickets_Sold, RevenueTypes_ID) VALUES (TO_DATE('2023-01-03', 'YYYY-MM-DD'), FLOOR(dbms_random.value(1, 100000)) + 1, FLOOR(dbms_random.value(1, 1000)) + 1, 'RT108');
--INSERT INTO REVENUE_EVENTS (Date_Time, Revenue, Tickets_Sold, RevenueTypes_ID) VALUES (TO_DATE('2023-01-03', 'YYYY-MM-DD'), FLOOR(dbms_random.value(1, 100000)) + 1, FLOOR(dbms_random.value(1, 1000)) + 1, 'RT109');
--INSERT INTO REVENUE_EVENTS (Date_Time, Revenue, Tickets_Sold, RevenueTypes_ID) VALUES (TO_DATE('2023-01-03', 'YYYY-MM-DD'), FLOOR(dbms_random.value(1, 100000)) + 1, FLOOR(dbms_random.value(1, 1000)) + 1, 'RT110');
--INSERT INTO REVENUE_EVENTS (Date_Time, Revenue, Tickets_Sold, RevenueTypes_ID) VALUES (TO_DATE('2023-01-03', 'YYYY-MM-DD'), FLOOR(dbms_random.value(1, 100000)) + 1, FLOOR(dbms_random.value(1, 1000)) + 1, 'RT111');
--INSERT INTO REVENUE_EVENTS (Date_Time, Revenue, Tickets_Sold, RevenueTypes_ID) VALUES (TO_DATE('2023-01-03', 'YYYY-MM-DD'), FLOOR(dbms_random.value(1, 100000)) + 1, FLOOR(dbms_random.value(1, 1000)) + 1, 'RT112');
--INSERT INTO REVENUE_EVENTS (Date_Time, Revenue, Tickets_Sold, RevenueTypes_ID) VALUES (TO_DATE('2023-01-04', 'YYYY-MM-DD'), FLOOR(dbms_random.value(100000, 1000000)) + 1, FLOOR(dbms_random.value(1000, 10000)) + 1, 'RT101');
--INSERT INTO REVENUE_EVENTS (Date_Time, Revenue, Tickets_Sold, RevenueTypes_ID) VALUES (TO_DATE('2023-01-04', 'YYYY-MM-DD'), FLOOR(dbms_random.value(1, 100000)) + 1, FLOOR(dbms_random.value(1, 1000)) + 1, 'RT102');
--INSERT INTO REVENUE_EVENTS (Date_Time, Revenue, Tickets_Sold, RevenueTypes_ID) VALUES (TO_DATE('2023-01-04', 'YYYY-MM-DD'), FLOOR(dbms_random.value(1, 100000)) + 1, FLOOR(dbms_random.value(1, 1000)) + 1, 'RT103');
--INSERT INTO REVENUE_EVENTS (Date_Time, Revenue, Tickets_Sold, RevenueTypes_ID) VALUES (TO_DATE('2023-01-04', 'YYYY-MM-DD'), FLOOR(dbms_random.value(1, 100000)) + 1, FLOOR(dbms_random.value(1, 1000)) + 1, 'RT104');
--INSERT INTO REVENUE_EVENTS (Date_Time, Revenue, Tickets_Sold, RevenueTypes_ID) VALUES (TO_DATE('2023-01-04', 'YYYY-MM-DD'), FLOOR(dbms_random.value(1, 100000)) + 1, FLOOR(dbms_random.value(1, 1000)) + 1, 'RT105');
--INSERT INTO REVENUE_EVENTS (Date_Time, Revenue, Tickets_Sold, RevenueTypes_ID) VALUES (TO_DATE('2023-01-04', 'YYYY-MM-DD'), FLOOR(dbms_random.value(1, 100000)) + 1, FLOOR(dbms_random.value(1, 1000)) + 1, 'RT106');
--INSERT INTO REVENUE_EVENTS (Date_Time, Revenue, Tickets_Sold, RevenueTypes_ID) VALUES (TO_DATE('2023-01-04', 'YYYY-MM-DD'), FLOOR(dbms_random.value(1, 100000)) + 1, FLOOR(dbms_random.value(1, 1000)) + 1, 'RT107');
--INSERT INTO REVENUE_EVENTS (Date_Time, Revenue, Tickets_Sold, RevenueTypes_ID) VALUES (TO_DATE('2023-01-04', 'YYYY-MM-DD'), FLOOR(dbms_random.value(1, 100000)) + 1, FLOOR(dbms_random.value(1, 1000)) + 1, 'RT108');
--INSERT INTO REVENUE_EVENTS (Date_Time, Revenue, Tickets_Sold, RevenueTypes_ID) VALUES (TO_DATE('2023-01-04', 'YYYY-MM-DD'), FLOOR(dbms_random.value(1, 100000)) + 1, FLOOR(dbms_random.value(1, 1000)) + 1, 'RT109');
--INSERT INTO REVENUE_EVENTS (Date_Time, Revenue, Tickets_Sold, RevenueTypes_ID) VALUES (TO_DATE('2023-01-04', 'YYYY-MM-DD'), FLOOR(dbms_random.value(1, 100000)) + 1, FLOOR(dbms_random.value(1, 1000)) + 1, 'RT110');
--INSERT INTO REVENUE_EVENTS (Date_Time, Revenue, Tickets_Sold, RevenueTypes_ID) VALUES (TO_DATE('2023-01-04', 'YYYY-MM-DD'), FLOOR(dbms_random.value(1, 100000)) + 1, FLOOR(dbms_random.value(1, 1000)) + 1, 'RT111');
--INSERT INTO REVENUE_EVENTS (Date_Time, Revenue, Tickets_Sold, RevenueTypes_ID) VALUES (TO_DATE('2023-01-04', 'YYYY-MM-DD'), FLOOR(dbms_random.value(1, 100000)) + 1, FLOOR(dbms_random.value(1, 1000)) + 1, 'RT112');
--INSERT INTO REVENUE_EVENTS (Date_Time, Revenue, Tickets_Sold, RevenueTypes_ID) VALUES (TO_DATE('2023-01-05', 'YYYY-MM-DD'), FLOOR(dbms_random.value(100000, 1000000)) + 1, FLOOR(dbms_random.value(1000, 10000)) + 1, 'RT101');
--INSERT INTO REVENUE_EVENTS (Date_Time, Revenue, Tickets_Sold, RevenueTypes_ID) VALUES (TO_DATE('2023-01-05', 'YYYY-MM-DD'), FLOOR(dbms_random.value(1, 100000)) + 1, FLOOR(dbms_random.value(1, 1000)) + 1, 'RT102');
--INSERT INTO REVENUE_EVENTS (Date_Time, Revenue, Tickets_Sold, RevenueTypes_ID) VALUES (TO_DATE('2023-01-05', 'YYYY-MM-DD'), FLOOR(dbms_random.value(1, 100000)) + 1, FLOOR(dbms_random.value(1, 1000)) + 1, 'RT103');
--INSERT INTO REVENUE_EVENTS (Date_Time, Revenue, Tickets_Sold, RevenueTypes_ID) VALUES (TO_DATE('2023-01-05', 'YYYY-MM-DD'), FLOOR(dbms_random.value(1, 100000)) + 1, FLOOR(dbms_random.value(1, 1000)) + 1, 'RT104');
--INSERT INTO REVENUE_EVENTS (Date_Time, Revenue, Tickets_Sold, RevenueTypes_ID) VALUES (TO_DATE('2023-01-05', 'YYYY-MM-DD'), FLOOR(dbms_random.value(1, 100000)) + 1, FLOOR(dbms_random.value(1, 1000)) + 1, 'RT105');
--INSERT INTO REVENUE_EVENTS (Date_Time, Revenue, Tickets_Sold, RevenueTypes_ID) VALUES (TO_DATE('2023-01-05', 'YYYY-MM-DD'), FLOOR(dbms_random.value(1, 100000)) + 1, FLOOR(dbms_random.value(1, 1000)) + 1, 'RT106');
--INSERT INTO REVENUE_EVENTS (Date_Time, Revenue, Tickets_Sold, RevenueTypes_ID) VALUES (TO_DATE('2023-01-05', 'YYYY-MM-DD'), FLOOR(dbms_random.value(1, 100000)) + 1, FLOOR(dbms_random.value(1, 1000)) + 1, 'RT107');
--INSERT INTO REVENUE_EVENTS (Date_Time, Revenue, Tickets_Sold, RevenueTypes_ID) VALUES (TO_DATE('2023-01-05', 'YYYY-MM-DD'), FLOOR(dbms_random.value(1, 100000)) + 1, FLOOR(dbms_random.value(1, 1000)) + 1, 'RT108');
--INSERT INTO REVENUE_EVENTS (Date_Time, Revenue, Tickets_Sold, RevenueTypes_ID) VALUES (TO_DATE('2023-01-05', 'YYYY-MM-DD'), FLOOR(dbms_random.value(1, 100000)) + 1, FLOOR(dbms_random.value(1, 1000)) + 1, 'RT109');
--INSERT INTO REVENUE_EVENTS (Date_Time, Revenue, Tickets_Sold, RevenueTypes_ID) VALUES (TO_DATE('2023-01-05', 'YYYY-MM-DD'), FLOOR(dbms_random.value(1, 100000)) + 1, FLOOR(dbms_random.value(1, 1000)) + 1, 'RT110');
--INSERT INTO REVENUE_EVENTS (Date_Time, Revenue, Tickets_Sold, RevenueTypes_ID) VALUES (TO_DATE('2023-01-05', 'YYYY-MM-DD'), FLOOR(dbms_random.value(1, 100000)) + 1, FLOOR(dbms_random.value(1, 1000)) + 1, 'RT111');
--INSERT INTO REVENUE_EVENTS (Date_Time, Revenue, Tickets_Sold, RevenueTypes_ID) VALUES (TO_DATE('2023-01-05', 'YYYY-MM-DD'), FLOOR(dbms_random.value(1, 100000)) + 1, FLOOR(dbms_random.value(1, 1000)) + 1, 'RT112');
--INSERT INTO REVENUE_EVENTS (Date_Time, Revenue, Tickets_Sold, RevenueTypes_ID) VALUES (TO_DATE('2023-01-06', 'YYYY-MM-DD'), FLOOR(dbms_random.value(100000, 1000000)) + 1, FLOOR(dbms_random.value(1000, 10000)) + 1, 'RT101');
--INSERT INTO REVENUE_EVENTS (Date_Time, Revenue, Tickets_Sold, RevenueTypes_ID) VALUES (TO_DATE('2023-01-06', 'YYYY-MM-DD'), FLOOR(dbms_random.value(1, 100000)) + 1, FLOOR(dbms_random.value(1, 1000)) + 1, 'RT102');
--INSERT INTO REVENUE_EVENTS (Date_Time, Revenue, Tickets_Sold, RevenueTypes_ID) VALUES (TO_DATE('2023-01-06', 'YYYY-MM-DD'), FLOOR(dbms_random.value(1, 100000)) + 1, FLOOR(dbms_random.value(1, 1000)) + 1, 'RT103');
--INSERT INTO REVENUE_EVENTS (Date_Time, Revenue, Tickets_Sold, RevenueTypes_ID) VALUES (TO_DATE('2023-01-06', 'YYYY-MM-DD'), FLOOR(dbms_random.value(1, 100000)) + 1, FLOOR(dbms_random.value(1, 1000)) + 1, 'RT104');
--INSERT INTO REVENUE_EVENTS (Date_Time, Revenue, Tickets_Sold, RevenueTypes_ID) VALUES (TO_DATE('2023-01-06', 'YYYY-MM-DD'), FLOOR(dbms_random.value(1, 100000)) + 1, FLOOR(dbms_random.value(1, 1000)) + 1, 'RT105');
--INSERT INTO REVENUE_EVENTS (Date_Time, Revenue, Tickets_Sold, RevenueTypes_ID) VALUES (TO_DATE('2023-01-06', 'YYYY-MM-DD'), FLOOR(dbms_random.value(1, 100000)) + 1, FLOOR(dbms_random.value(1, 1000)) + 1, 'RT106');
--INSERT INTO REVENUE_EVENTS (Date_Time, Revenue, Tickets_Sold, RevenueTypes_ID) VALUES (TO_DATE('2023-01-06', 'YYYY-MM-DD'), FLOOR(dbms_random.value(1, 100000)) + 1, FLOOR(dbms_random.value(1, 1000)) + 1, 'RT107');
--INSERT INTO REVENUE_EVENTS (Date_Time, Revenue, Tickets_Sold, RevenueTypes_ID) VALUES (TO_DATE('2023-01-06', 'YYYY-MM-DD'), FLOOR(dbms_random.value(1, 100000)) + 1, FLOOR(dbms_random.value(1, 1000)) + 1, 'RT108');
--INSERT INTO REVENUE_EVENTS (Date_Time, Revenue, Tickets_Sold, RevenueTypes_ID) VALUES (TO_DATE('2023-01-06', 'YYYY-MM-DD'), FLOOR(dbms_random.value(1, 100000)) + 1, FLOOR(dbms_random.value(1, 1000)) + 1, 'RT109');
--INSERT INTO REVENUE_EVENTS (Date_Time, Revenue, Tickets_Sold, RevenueTypes_ID) VALUES (TO_DATE('2023-01-06', 'YYYY-MM-DD'), FLOOR(dbms_random.value(1, 100000)) + 1, FLOOR(dbms_random.value(1, 1000)) + 1, 'RT110');
--INSERT INTO REVENUE_EVENTS (Date_Time, Revenue, Tickets_Sold, RevenueTypes_ID) VALUES (TO_DATE('2023-01-06', 'YYYY-MM-DD'), FLOOR(dbms_random.value(1, 100000)) + 1, FLOOR(dbms_random.value(1, 1000)) + 1, 'RT111');
--INSERT INTO REVENUE_EVENTS (Date_Time, Revenue, Tickets_Sold, RevenueTypes_ID) VALUES (TO_DATE('2023-01-06', 'YYYY-MM-DD'), FLOOR(dbms_random.value(1, 100000)) + 1, FLOOR(dbms_random.value(1, 1000)) + 1, 'RT112');
--INSERT INTO REVENUE_EVENTS (Date_Time, Revenue, Tickets_Sold, RevenueTypes_ID) VALUES (TO_DATE('2023-01-07', 'YYYY-MM-DD'), FLOOR(dbms_random.value(100000, 1000000)) + 1, FLOOR(dbms_random.value(1000, 10000)) + 1, 'RT101');
--INSERT INTO REVENUE_EVENTS (Date_Time, Revenue, Tickets_Sold, RevenueTypes_ID) VALUES (TO_DATE('2023-01-07', 'YYYY-MM-DD'), FLOOR(dbms_random.value(1, 100000)) + 1, FLOOR(dbms_random.value(1, 1000)) + 1, 'RT102');
--INSERT INTO REVENUE_EVENTS (Date_Time, Revenue, Tickets_Sold, RevenueTypes_ID) VALUES (TO_DATE('2023-01-07', 'YYYY-MM-DD'), FLOOR(dbms_random.value(1, 100000)) + 1, FLOOR(dbms_random.value(1, 1000)) + 1, 'RT103');
--INSERT INTO REVENUE_EVENTS (Date_Time, Revenue, Tickets_Sold, RevenueTypes_ID) VALUES (TO_DATE('2023-01-07', 'YYYY-MM-DD'), FLOOR(dbms_random.value(1, 100000)) + 1, FLOOR(dbms_random.value(1, 1000)) + 1, 'RT104');
--INSERT INTO REVENUE_EVENTS (Date_Time, Revenue, Tickets_Sold, RevenueTypes_ID) VALUES (TO_DATE('2023-01-07', 'YYYY-MM-DD'), FLOOR(dbms_random.value(1, 100000)) + 1, FLOOR(dbms_random.value(1, 1000)) + 1, 'RT105');
--INSERT INTO REVENUE_EVENTS (Date_Time, Revenue, Tickets_Sold, RevenueTypes_ID) VALUES (TO_DATE('2023-01-07', 'YYYY-MM-DD'), FLOOR(dbms_random.value(1, 100000)) + 1, FLOOR(dbms_random.value(1, 1000)) + 1, 'RT106');
--INSERT INTO REVENUE_EVENTS (Date_Time, Revenue, Tickets_Sold, RevenueTypes_ID) VALUES (TO_DATE('2023-01-07', 'YYYY-MM-DD'), FLOOR(dbms_random.value(1, 100000)) + 1, FLOOR(dbms_random.value(1, 1000)) + 1, 'RT107');
--INSERT INTO REVENUE_EVENTS (Date_Time, Revenue, Tickets_Sold, RevenueTypes_ID) VALUES (TO_DATE('2023-01-07', 'YYYY-MM-DD'), FLOOR(dbms_random.value(1, 100000)) + 1, FLOOR(dbms_random.value(1, 1000)) + 1, 'RT108');
--INSERT INTO REVENUE_EVENTS (Date_Time, Revenue, Tickets_Sold, RevenueTypes_ID) VALUES (TO_DATE('2023-01-07', 'YYYY-MM-DD'), FLOOR(dbms_random.value(1, 100000)) + 1, FLOOR(dbms_random.value(1, 1000)) + 1, 'RT109');
--INSERT INTO REVENUE_EVENTS (Date_Time, Revenue, Tickets_Sold, RevenueTypes_ID) VALUES (TO_DATE('2023-01-07', 'YYYY-MM-DD'), FLOOR(dbms_random.value(1, 100000)) + 1, FLOOR(dbms_random.value(1, 1000)) + 1, 'RT110');
--INSERT INTO REVENUE_EVENTS (Date_Time, Revenue, Tickets_Sold, RevenueTypes_ID) VALUES (TO_DATE('2023-01-07', 'YYYY-MM-DD'), FLOOR(dbms_random.value(1, 100000)) + 1, FLOOR(dbms_random.value(1, 1000)) + 1, 'RT111');
--INSERT INTO REVENUE_EVENTS (Date_Time, Revenue, Tickets_Sold, RevenueTypes_ID) VALUES (TO_DATE('2023-01-07', 'YYYY-MM-DD'), FLOOR(dbms_random.value(1, 100000)) + 1, FLOOR(dbms_random.value(1, 1000)) + 1, 'RT112');
--INSERT INTO REVENUE_EVENTS (Date_Time, Revenue, Tickets_Sold, RevenueTypes_ID) VALUES (TO_DATE('2023-01-08', 'YYYY-MM-DD'), FLOOR(dbms_random.value(100000, 1000000)) + 1, FLOOR(dbms_random.value(1000, 10000)) + 1, 'RT101');
--INSERT INTO REVENUE_EVENTS (Date_Time, Revenue, Tickets_Sold, RevenueTypes_ID) VALUES (TO_DATE('2023-01-08', 'YYYY-MM-DD'), FLOOR(dbms_random.value(1, 100000)) + 1, FLOOR(dbms_random.value(1, 1000)) + 1, 'RT102');
--INSERT INTO REVENUE_EVENTS (Date_Time, Revenue, Tickets_Sold, RevenueTypes_ID) VALUES (TO_DATE('2023-01-08', 'YYYY-MM-DD'), FLOOR(dbms_random.value(1, 100000)) + 1, FLOOR(dbms_random.value(1, 1000)) + 1, 'RT103');
--INSERT INTO REVENUE_EVENTS (Date_Time, Revenue, Tickets_Sold, RevenueTypes_ID) VALUES (TO_DATE('2023-01-08', 'YYYY-MM-DD'), FLOOR(dbms_random.value(1, 100000)) + 1, FLOOR(dbms_random.value(1, 1000)) + 1, 'RT104');
--INSERT INTO REVENUE_EVENTS (Date_Time, Revenue, Tickets_Sold, RevenueTypes_ID) VALUES (TO_DATE('2023-01-08', 'YYYY-MM-DD'), FLOOR(dbms_random.value(1, 100000)) + 1, FLOOR(dbms_random.value(1, 1000)) + 1, 'RT105');
--INSERT INTO REVENUE_EVENTS (Date_Time, Revenue, Tickets_Sold, RevenueTypes_ID) VALUES (TO_DATE('2023-01-08', 'YYYY-MM-DD'), FLOOR(dbms_random.value(1, 100000)) + 1, FLOOR(dbms_random.value(1, 1000)) + 1, 'RT106');
--INSERT INTO REVENUE_EVENTS (Date_Time, Revenue, Tickets_Sold, RevenueTypes_ID) VALUES (TO_DATE('2023-01-08', 'YYYY-MM-DD'), FLOOR(dbms_random.value(1, 100000)) + 1, FLOOR(dbms_random.value(1, 1000)) + 1, 'RT107');
--INSERT INTO REVENUE_EVENTS (Date_Time, Revenue, Tickets_Sold, RevenueTypes_ID) VALUES (TO_DATE('2023-01-08', 'YYYY-MM-DD'), FLOOR(dbms_random.value(1, 100000)) + 1, FLOOR(dbms_random.value(1, 1000)) + 1, 'RT108');
--INSERT INTO REVENUE_EVENTS (Date_Time, Revenue, Tickets_Sold, RevenueTypes_ID) VALUES (TO_DATE('2023-01-08', 'YYYY-MM-DD'), FLOOR(dbms_random.value(1, 100000)) + 1, FLOOR(dbms_random.value(1, 1000)) + 1, 'RT109');
--INSERT INTO REVENUE_EVENTS (Date_Time, Revenue, Tickets_Sold, RevenueTypes_ID) VALUES (TO_DATE('2023-01-08', 'YYYY-MM-DD'), FLOOR(dbms_random.value(1, 100000)) + 1, FLOOR(dbms_random.value(1, 1000)) + 1, 'RT110');
--INSERT INTO REVENUE_EVENTS (Date_Time, Revenue, Tickets_Sold, RevenueTypes_ID) VALUES (TO_DATE('2023-01-08', 'YYYY-MM-DD'), FLOOR(dbms_random.value(1, 100000)) + 1, FLOOR(dbms_random.value(1, 1000)) + 1, 'RT111');
--INSERT INTO REVENUE_EVENTS (Date_Time, Revenue, Tickets_Sold, RevenueTypes_ID) VALUES (TO_DATE('2023-01-08', 'YYYY-MM-DD'), FLOOR(dbms_random.value(1, 100000)) + 1, FLOOR(dbms_random.value(1, 1000)) + 1, 'RT112');
--INSERT INTO REVENUE_EVENTS (Date_Time, Revenue, Tickets_Sold, RevenueTypes_ID) VALUES (TO_DATE('2023-01-09', 'YYYY-MM-DD'), FLOOR(dbms_random.value(100000, 1000000)) + 1, FLOOR(dbms_random.value(1000, 10000)) + 1, 'RT101');
--INSERT INTO REVENUE_EVENTS (Date_Time, Revenue, Tickets_Sold, RevenueTypes_ID) VALUES (TO_DATE('2023-01-09', 'YYYY-MM-DD'), FLOOR(dbms_random.value(1, 100000)) + 1, FLOOR(dbms_random.value(1, 1000)) + 1, 'RT102');
--INSERT INTO REVENUE_EVENTS (Date_Time, Revenue, Tickets_Sold, RevenueTypes_ID) VALUES (TO_DATE('2023-01-09', 'YYYY-MM-DD'), FLOOR(dbms_random.value(1, 100000)) + 1, FLOOR(dbms_random.value(1, 1000)) + 1, 'RT103');
--INSERT INTO REVENUE_EVENTS (Date_Time, Revenue, Tickets_Sold, RevenueTypes_ID) VALUES (TO_DATE('2023-01-09', 'YYYY-MM-DD'), FLOOR(dbms_random.value(1, 100000)) + 1, FLOOR(dbms_random.value(1, 1000)) + 1, 'RT104');
--INSERT INTO REVENUE_EVENTS (Date_Time, Revenue, Tickets_Sold, RevenueTypes_ID) VALUES (TO_DATE('2023-01-09', 'YYYY-MM-DD'), FLOOR(dbms_random.value(1, 100000)) + 1, FLOOR(dbms_random.value(1, 1000)) + 1, 'RT105');
--INSERT INTO REVENUE_EVENTS (Date_Time, Revenue, Tickets_Sold, RevenueTypes_ID) VALUES (TO_DATE('2023-01-09', 'YYYY-MM-DD'), FLOOR(dbms_random.value(1, 100000)) + 1, FLOOR(dbms_random.value(1, 1000)) + 1, 'RT106');
--INSERT INTO REVENUE_EVENTS (Date_Time, Revenue, Tickets_Sold, RevenueTypes_ID) VALUES (TO_DATE('2023-01-09', 'YYYY-MM-DD'), FLOOR(dbms_random.value(1, 100000)) + 1, FLOOR(dbms_random.value(1, 1000)) + 1, 'RT107');
--INSERT INTO REVENUE_EVENTS (Date_Time, Revenue, Tickets_Sold, RevenueTypes_ID) VALUES (TO_DATE('2023-01-09', 'YYYY-MM-DD'), FLOOR(dbms_random.value(1, 100000)) + 1, FLOOR(dbms_random.value(1, 1000)) + 1, 'RT108');
--INSERT INTO REVENUE_EVENTS (Date_Time, Revenue, Tickets_Sold, RevenueTypes_ID) VALUES (TO_DATE('2023-01-09', 'YYYY-MM-DD'), FLOOR(dbms_random.value(1, 100000)) + 1, FLOOR(dbms_random.value(1, 1000)) + 1, 'RT109');
--INSERT INTO REVENUE_EVENTS (Date_Time, Revenue, Tickets_Sold, RevenueTypes_ID) VALUES (TO_DATE('2023-01-09', 'YYYY-MM-DD'), FLOOR(dbms_random.value(1, 100000)) + 1, FLOOR(dbms_random.value(1, 1000)) + 1, 'RT110');
--INSERT INTO REVENUE_EVENTS (Date_Time, Revenue, Tickets_Sold, RevenueTypes_ID) VALUES (TO_DATE('2023-01-09', 'YYYY-MM-DD'), FLOOR(dbms_random.value(1, 100000)) + 1, FLOOR(dbms_random.value(1, 1000)) + 1, 'RT111');
--INSERT INTO REVENUE_EVENTS (Date_Time, Revenue, Tickets_Sold, RevenueTypes_ID) VALUES (TO_DATE('2023-01-09', 'YYYY-MM-DD'), FLOOR(dbms_random.value(1, 100000)) + 1, FLOOR(dbms_random.value(1, 1000)) + 1, 'RT112');
--INSERT INTO REVENUE_EVENTS (Date_Time, Revenue, Tickets_Sold, RevenueTypes_ID) VALUES (TO_DATE('2023-01-10', 'YYYY-MM-DD'), FLOOR(dbms_random.value(100000, 1000000)) + 1, FLOOR(dbms_random.value(1000, 10000)) + 1, 'RT101');
--INSERT INTO REVENUE_EVENTS (Date_Time, Revenue, Tickets_Sold, RevenueTypes_ID) VALUES (TO_DATE('2023-01-10', 'YYYY-MM-DD'), FLOOR(dbms_random.value(1, 100000)) + 1, FLOOR(dbms_random.value(1, 1000)) + 1, 'RT102');
--INSERT INTO REVENUE_EVENTS (Date_Time, Revenue, Tickets_Sold, RevenueTypes_ID) VALUES (TO_DATE('2023-01-10', 'YYYY-MM-DD'), FLOOR(dbms_random.value(1, 100000)) + 1, FLOOR(dbms_random.value(1, 1000)) + 1, 'RT103');
--INSERT INTO REVENUE_EVENTS (Date_Time, Revenue, Tickets_Sold, RevenueTypes_ID) VALUES (TO_DATE('2023-01-10', 'YYYY-MM-DD'), FLOOR(dbms_random.value(1, 100000)) + 1, FLOOR(dbms_random.value(1, 1000)) + 1, 'RT104');
--INSERT INTO REVENUE_EVENTS (Date_Time, Revenue, Tickets_Sold, RevenueTypes_ID) VALUES (TO_DATE('2023-01-10', 'YYYY-MM-DD'), FLOOR(dbms_random.value(1, 100000)) + 1, FLOOR(dbms_random.value(1, 1000)) + 1, 'RT105');
--INSERT INTO REVENUE_EVENTS (Date_Time, Revenue, Tickets_Sold, RevenueTypes_ID) VALUES (TO_DATE('2023-01-10', 'YYYY-MM-DD'), FLOOR(dbms_random.value(1, 100000)) + 1, FLOOR(dbms_random.value(1, 1000)) + 1, 'RT106');
--INSERT INTO REVENUE_EVENTS (Date_Time, Revenue, Tickets_Sold, RevenueTypes_ID) VALUES (TO_DATE('2023-01-10', 'YYYY-MM-DD'), FLOOR(dbms_random.value(1, 100000)) + 1, FLOOR(dbms_random.value(1, 1000)) + 1, 'RT107');
--INSERT INTO REVENUE_EVENTS (Date_Time, Revenue, Tickets_Sold, RevenueTypes_ID) VALUES (TO_DATE('2023-01-10', 'YYYY-MM-DD'), FLOOR(dbms_random.value(1, 100000)) + 1, FLOOR(dbms_random.value(1, 1000)) + 1, 'RT108');
--INSERT INTO REVENUE_EVENTS (Date_Time, Revenue, Tickets_Sold, RevenueTypes_ID) VALUES (TO_DATE('2023-01-10', 'YYYY-MM-DD'), FLOOR(dbms_random.value(1, 100000)) + 1, FLOOR(dbms_random.value(1, 1000)) + 1, 'RT109');
--INSERT INTO REVENUE_EVENTS (Date_Time, Revenue, Tickets_Sold, RevenueTypes_ID) VALUES (TO_DATE('2023-01-10', 'YYYY-MM-DD'), FLOOR(dbms_random.value(1, 100000)) + 1, FLOOR(dbms_random.value(1, 1000)) + 1, 'RT110');
--INSERT INTO REVENUE_EVENTS (Date_Time, Revenue, Tickets_Sold, RevenueTypes_ID) VALUES (TO_DATE('2023-01-10', 'YYYY-MM-DD'), FLOOR(dbms_random.value(1, 100000)) + 1, FLOOR(dbms_random.value(1, 1000)) + 1, 'RT111');
--INSERT INTO REVENUE_EVENTS (Date_Time, Revenue, Tickets_Sold, RevenueTypes_ID) VALUES (TO_DATE('2023-01-10', 'YYYY-MM-DD'), FLOOR(dbms_random.value(1, 100000)) + 1, FLOOR(dbms_random.value(1, 1000)) + 1, 'RT112');
--INSERT INTO REVENUE_EVENTS (Date_Time, Revenue, Tickets_Sold, RevenueTypes_ID) VALUES (TO_DATE('2023-01-11', 'YYYY-MM-DD'), FLOOR(dbms_random.value(100000, 1000000)) + 1, FLOOR(dbms_random.value(1000, 10000)) + 1, 'RT101');
--INSERT INTO REVENUE_EVENTS (Date_Time, Revenue, Tickets_Sold, RevenueTypes_ID) VALUES (TO_DATE('2023-01-11', 'YYYY-MM-DD'), FLOOR(dbms_random.value(1, 100000)) + 1, FLOOR(dbms_random.value(1, 1000)) + 1, 'RT102');
--INSERT INTO REVENUE_EVENTS (Date_Time, Revenue, Tickets_Sold, RevenueTypes_ID) VALUES (TO_DATE('2023-01-11', 'YYYY-MM-DD'), FLOOR(dbms_random.value(1, 100000)) + 1, FLOOR(dbms_random.value(1, 1000)) + 1, 'RT103');
--INSERT INTO REVENUE_EVENTS (Date_Time, Revenue, Tickets_Sold, RevenueTypes_ID) VALUES (TO_DATE('2023-01-11', 'YYYY-MM-DD'), FLOOR(dbms_random.value(1, 100000)) + 1, FLOOR(dbms_random.value(1, 1000)) + 1, 'RT104');
--INSERT INTO REVENUE_EVENTS (Date_Time, Revenue, Tickets_Sold, RevenueTypes_ID) VALUES (TO_DATE('2023-01-11', 'YYYY-MM-DD'), FLOOR(dbms_random.value(1, 100000)) + 1, FLOOR(dbms_random.value(1, 1000)) + 1, 'RT105');
--INSERT INTO REVENUE_EVENTS (Date_Time, Revenue, Tickets_Sold, RevenueTypes_ID) VALUES (TO_DATE('2023-01-11', 'YYYY-MM-DD'), FLOOR(dbms_random.value(1, 100000)) + 1, FLOOR(dbms_random.value(1, 1000)) + 1, 'RT106');
--INSERT INTO REVENUE_EVENTS (Date_Time, Revenue, Tickets_Sold, RevenueTypes_ID) VALUES (TO_DATE('2023-01-11', 'YYYY-MM-DD'), FLOOR(dbms_random.value(1, 100000)) + 1, FLOOR(dbms_random.value(1, 1000)) + 1, 'RT107');
--INSERT INTO REVENUE_EVENTS (Date_Time, Revenue, Tickets_Sold, RevenueTypes_ID) VALUES (TO_DATE('2023-01-11', 'YYYY-MM-DD'), FLOOR(dbms_random.value(1, 100000)) + 1, FLOOR(dbms_random.value(1, 1000)) + 1, 'RT108');
--INSERT INTO REVENUE_EVENTS (Date_Time, Revenue, Tickets_Sold, RevenueTypes_ID) VALUES (TO_DATE('2023-01-11', 'YYYY-MM-DD'), FLOOR(dbms_random.value(1, 100000)) + 1, FLOOR(dbms_random.value(1, 1000)) + 1, 'RT109');
--INSERT INTO REVENUE_EVENTS (Date_Time, Revenue, Tickets_Sold, RevenueTypes_ID) VALUES (TO_DATE('2023-01-11', 'YYYY-MM-DD'), FLOOR(dbms_random.value(1, 100000)) + 1, FLOOR(dbms_random.value(1, 1000)) + 1, 'RT110');
--INSERT INTO REVENUE_EVENTS (Date_Time, Revenue, Tickets_Sold, RevenueTypes_ID) VALUES (TO_DATE('2023-01-11', 'YYYY-MM-DD'), FLOOR(dbms_random.value(1, 100000)) + 1, FLOOR(dbms_random.value(1, 1000)) + 1, 'RT111');
--INSERT INTO REVENUE_EVENTS (Date_Time, Revenue, Tickets_Sold, RevenueTypes_ID) VALUES (TO_DATE('2023-01-11', 'YYYY-MM-DD'), FLOOR(dbms_random.value(1, 100000)) + 1, FLOOR(dbms_random.value(1, 1000)) + 1, 'RT112');
--INSERT INTO REVENUE_EVENTS (Date_Time, Revenue, Tickets_Sold, RevenueTypes_ID) VALUES (TO_DATE('2023-01-12', 'YYYY-MM-DD'), FLOOR(dbms_random.value(100000, 1000000)) + 1, FLOOR(dbms_random.value(1000, 10000)) + 1, 'RT101');
--INSERT INTO REVENUE_EVENTS (Date_Time, Revenue, Tickets_Sold, RevenueTypes_ID) VALUES (TO_DATE('2023-01-12', 'YYYY-MM-DD'), FLOOR(dbms_random.value(1, 100000)) + 1, FLOOR(dbms_random.value(1, 1000)) + 1, 'RT102');
--INSERT INTO REVENUE_EVENTS (Date_Time, Revenue, Tickets_Sold, RevenueTypes_ID) VALUES (TO_DATE('2023-01-12', 'YYYY-MM-DD'), FLOOR(dbms_random.value(1, 100000)) + 1, FLOOR(dbms_random.value(1, 1000)) + 1, 'RT103');
--INSERT INTO REVENUE_EVENTS (Date_Time, Revenue, Tickets_Sold, RevenueTypes_ID) VALUES (TO_DATE('2023-01-12', 'YYYY-MM-DD'), FLOOR(dbms_random.value(1, 100000)) + 1, FLOOR(dbms_random.value(1, 1000)) + 1, 'RT104');
--INSERT INTO REVENUE_EVENTS (Date_Time, Revenue, Tickets_Sold, RevenueTypes_ID) VALUES (TO_DATE('2023-01-12', 'YYYY-MM-DD'), FLOOR(dbms_random.value(1, 100000)) + 1, FLOOR(dbms_random.value(1, 1000)) + 1, 'RT105');
--INSERT INTO REVENUE_EVENTS (Date_Time, Revenue, Tickets_Sold, RevenueTypes_ID) VALUES (TO_DATE('2023-01-12', 'YYYY-MM-DD'), FLOOR(dbms_random.value(1, 100000)) + 1, FLOOR(dbms_random.value(1, 1000)) + 1, 'RT106');
--INSERT INTO REVENUE_EVENTS (Date_Time, Revenue, Tickets_Sold, RevenueTypes_ID) VALUES (TO_DATE('2023-01-12', 'YYYY-MM-DD'), FLOOR(dbms_random.value(1, 100000)) + 1, FLOOR(dbms_random.value(1, 1000)) + 1, 'RT107');
--INSERT INTO REVENUE_EVENTS (Date_Time, Revenue, Tickets_Sold, RevenueTypes_ID) VALUES (TO_DATE('2023-01-12', 'YYYY-MM-DD'), FLOOR(dbms_random.value(1, 100000)) + 1, FLOOR(dbms_random.value(1, 1000)) + 1, 'RT108');
--INSERT INTO REVENUE_EVENTS (Date_Time, Revenue, Tickets_Sold, RevenueTypes_ID) VALUES (TO_DATE('2023-01-12', 'YYYY-MM-DD'), FLOOR(dbms_random.value(1, 100000)) + 1, FLOOR(dbms_random.value(1, 1000)) + 1, 'RT109');
--INSERT INTO REVENUE_EVENTS (Date_Time, Revenue, Tickets_Sold, RevenueTypes_ID) VALUES (TO_DATE('2023-01-12', 'YYYY-MM-DD'), FLOOR(dbms_random.value(1, 100000)) + 1, FLOOR(dbms_random.value(1, 1000)) + 1, 'RT110');
--INSERT INTO REVENUE_EVENTS (Date_Time, Revenue, Tickets_Sold, RevenueTypes_ID) VALUES (TO_DATE('2023-01-12', 'YYYY-MM-DD'), FLOOR(dbms_random.value(1, 100000)) + 1, FLOOR(dbms_random.value(1, 1000)) + 1, 'RT111');
--INSERT INTO REVENUE_EVENTS (Date_Time, Revenue, Tickets_Sold, RevenueTypes_ID) VALUES (TO_DATE('2023-01-12', 'YYYY-MM-DD'), FLOOR(dbms_random.value(1, 100000)) + 1, FLOOR(dbms_random.value(1, 1000)) + 1, 'RT112');
--INSERT INTO REVENUE_EVENTS (Date_Time, Revenue, Tickets_Sold, RevenueTypes_ID) VALUES (TO_DATE('2023-01-13', 'YYYY-MM-DD'), FLOOR(dbms_random.value(100000, 1000000)) + 1, FLOOR(dbms_random.value(1000, 10000)) + 1, 'RT101');
--INSERT INTO REVENUE_EVENTS (Date_Time, Revenue, Tickets_Sold, RevenueTypes_ID) VALUES (TO_DATE('2023-01-13', 'YYYY-MM-DD'), FLOOR(dbms_random.value(1, 100000)) + 1, FLOOR(dbms_random.value(1, 1000)) + 1, 'RT102');
--INSERT INTO REVENUE_EVENTS (Date_Time, Revenue, Tickets_Sold, RevenueTypes_ID) VALUES (TO_DATE('2023-01-13', 'YYYY-MM-DD'), FLOOR(dbms_random.value(1, 100000)) + 1, FLOOR(dbms_random.value(1, 1000)) + 1, 'RT103');
--INSERT INTO REVENUE_EVENTS (Date_Time, Revenue, Tickets_Sold, RevenueTypes_ID) VALUES (TO_DATE('2023-01-13', 'YYYY-MM-DD'), FLOOR(dbms_random.value(1, 100000)) + 1, FLOOR(dbms_random.value(1, 1000)) + 1, 'RT104');
--INSERT INTO REVENUE_EVENTS (Date_Time, Revenue, Tickets_Sold, RevenueTypes_ID) VALUES (TO_DATE('2023-01-13', 'YYYY-MM-DD'), FLOOR(dbms_random.value(1, 100000)) + 1, FLOOR(dbms_random.value(1, 1000)) + 1, 'RT105');
--INSERT INTO REVENUE_EVENTS (Date_Time, Revenue, Tickets_Sold, RevenueTypes_ID) VALUES (TO_DATE('2023-01-13', 'YYYY-MM-DD'), FLOOR(dbms_random.value(1, 100000)) + 1, FLOOR(dbms_random.value(1, 1000)) + 1, 'RT106');
--INSERT INTO REVENUE_EVENTS (Date_Time, Revenue, Tickets_Sold, RevenueTypes_ID) VALUES (TO_DATE('2023-01-13', 'YYYY-MM-DD'), FLOOR(dbms_random.value(1, 100000)) + 1, FLOOR(dbms_random.value(1, 1000)) + 1, 'RT107');
--INSERT INTO REVENUE_EVENTS (Date_Time, Revenue, Tickets_Sold, RevenueTypes_ID) VALUES (TO_DATE('2023-01-13', 'YYYY-MM-DD'), FLOOR(dbms_random.value(1, 100000)) + 1, FLOOR(dbms_random.value(1, 1000)) + 1, 'RT108');
--INSERT INTO REVENUE_EVENTS (Date_Time, Revenue, Tickets_Sold, RevenueTypes_ID) VALUES (TO_DATE('2023-01-13', 'YYYY-MM-DD'), FLOOR(dbms_random.value(1, 100000)) + 1, FLOOR(dbms_random.value(1, 1000)) + 1, 'RT109');
--INSERT INTO REVENUE_EVENTS (Date_Time, Revenue, Tickets_Sold, RevenueTypes_ID) VALUES (TO_DATE('2023-01-13', 'YYYY-MM-DD'), FLOOR(dbms_random.value(1, 100000)) + 1, FLOOR(dbms_random.value(1, 1000)) + 1, 'RT110');
--INSERT INTO REVENUE_EVENTS (Date_Time, Revenue, Tickets_Sold, RevenueTypes_ID) VALUES (TO_DATE('2023-01-13', 'YYYY-MM-DD'), FLOOR(dbms_random.value(1, 100000)) + 1, FLOOR(dbms_random.value(1, 1000)) + 1, 'RT111');
--INSERT INTO REVENUE_EVENTS (Date_Time, Revenue, Tickets_Sold, RevenueTypes_ID) VALUES (TO_DATE('2023-01-13', 'YYYY-MM-DD'), FLOOR(dbms_random.value(1, 100000)) + 1, FLOOR(dbms_random.value(1, 1000)) + 1, 'RT112');
--INSERT INTO REVENUE_EVENTS (Date_Time, Revenue, Tickets_Sold, RevenueTypes_ID) VALUES (TO_DATE('2023-01-14', 'YYYY-MM-DD'), FLOOR(dbms_random.value(100000, 1000000)) + 1, FLOOR(dbms_random.value(1000, 10000)) + 1, 'RT101');
--INSERT INTO REVENUE_EVENTS (Date_Time, Revenue, Tickets_Sold, RevenueTypes_ID) VALUES (TO_DATE('2023-01-14', 'YYYY-MM-DD'), FLOOR(dbms_random.value(1, 100000)) + 1, FLOOR(dbms_random.value(1, 1000)) + 1, 'RT102');
--INSERT INTO REVENUE_EVENTS (Date_Time, Revenue, Tickets_Sold, RevenueTypes_ID) VALUES (TO_DATE('2023-01-14', 'YYYY-MM-DD'), FLOOR(dbms_random.value(1, 100000)) + 1, FLOOR(dbms_random.value(1, 1000)) + 1, 'RT103');
--INSERT INTO REVENUE_EVENTS (Date_Time, Revenue, Tickets_Sold, RevenueTypes_ID) VALUES (TO_DATE('2023-01-14', 'YYYY-MM-DD'), FLOOR(dbms_random.value(1, 100000)) + 1, FLOOR(dbms_random.value(1, 1000)) + 1, 'RT104');
--INSERT INTO REVENUE_EVENTS (Date_Time, Revenue, Tickets_Sold, RevenueTypes_ID) VALUES (TO_DATE('2023-01-14', 'YYYY-MM-DD'), FLOOR(dbms_random.value(1, 100000)) + 1, FLOOR(dbms_random.value(1, 1000)) + 1, 'RT105');
--INSERT INTO REVENUE_EVENTS (Date_Time, Revenue, Tickets_Sold, RevenueTypes_ID) VALUES (TO_DATE('2023-01-14', 'YYYY-MM-DD'), FLOOR(dbms_random.value(1, 100000)) + 1, FLOOR(dbms_random.value(1, 1000)) + 1, 'RT106');
--INSERT INTO REVENUE_EVENTS (Date_Time, Revenue, Tickets_Sold, RevenueTypes_ID) VALUES (TO_DATE('2023-01-14', 'YYYY-MM-DD'), FLOOR(dbms_random.value(1, 100000)) + 1, FLOOR(dbms_random.value(1, 1000)) + 1, 'RT107');
--INSERT INTO REVENUE_EVENTS (Date_Time, Revenue, Tickets_Sold, RevenueTypes_ID) VALUES (TO_DATE('2023-01-14', 'YYYY-MM-DD'), FLOOR(dbms_random.value(1, 100000)) + 1, FLOOR(dbms_random.value(1, 1000)) + 1, 'RT108');
--INSERT INTO REVENUE_EVENTS (Date_Time, Revenue, Tickets_Sold, RevenueTypes_ID) VALUES (TO_DATE('2023-01-14', 'YYYY-MM-DD'), FLOOR(dbms_random.value(1, 100000)) + 1, FLOOR(dbms_random.value(1, 1000)) + 1, 'RT109');
--INSERT INTO REVENUE_EVENTS (Date_Time, Revenue, Tickets_Sold, RevenueTypes_ID) VALUES (TO_DATE('2023-01-14', 'YYYY-MM-DD'), FLOOR(dbms_random.value(1, 100000)) + 1, FLOOR(dbms_random.value(1, 1000)) + 1, 'RT110');
--INSERT INTO REVENUE_EVENTS (Date_Time, Revenue, Tickets_Sold, RevenueTypes_ID) VALUES (TO_DATE('2023-01-14', 'YYYY-MM-DD'), FLOOR(dbms_random.value(1, 100000)) + 1, FLOOR(dbms_random.value(1, 1000)) + 1, 'RT111');
--INSERT INTO REVENUE_EVENTS (Date_Time, Revenue, Tickets_Sold, RevenueTypes_ID) VALUES (TO_DATE('2023-01-14', 'YYYY-MM-DD'), FLOOR(dbms_random.value(1, 100000)) + 1, FLOOR(dbms_random.value(1, 1000)) + 1, 'RT112');
--INSERT INTO REVENUE_EVENTS (Date_Time, Revenue, Tickets_Sold, RevenueTypes_ID) VALUES (TO_DATE('2023-01-15', 'YYYY-MM-DD'), FLOOR(dbms_random.value(100000, 1000000)) + 1, FLOOR(dbms_random.value(1000, 10000)) + 1, 'RT101');
--INSERT INTO REVENUE_EVENTS (Date_Time, Revenue, Tickets_Sold, RevenueTypes_ID) VALUES (TO_DATE('2023-01-15', 'YYYY-MM-DD'), FLOOR(dbms_random.value(1, 100000)) + 1, FLOOR(dbms_random.value(1, 1000)) + 1, 'RT102');
--INSERT INTO REVENUE_EVENTS (Date_Time, Revenue, Tickets_Sold, RevenueTypes_ID) VALUES (TO_DATE('2023-01-15', 'YYYY-MM-DD'), FLOOR(dbms_random.value(1, 100000)) + 1, FLOOR(dbms_random.value(1, 1000)) + 1, 'RT103');
--INSERT INTO REVENUE_EVENTS (Date_Time, Revenue, Tickets_Sold, RevenueTypes_ID) VALUES (TO_DATE('2023-01-15', 'YYYY-MM-DD'), FLOOR(dbms_random.value(1, 100000)) + 1, FLOOR(dbms_random.value(1, 1000)) + 1, 'RT104');
--INSERT INTO REVENUE_EVENTS (Date_Time, Revenue, Tickets_Sold, RevenueTypes_ID) VALUES (TO_DATE('2023-01-15', 'YYYY-MM-DD'), FLOOR(dbms_random.value(1, 100000)) + 1, FLOOR(dbms_random.value(1, 1000)) + 1, 'RT105');
--INSERT INTO REVENUE_EVENTS (Date_Time, Revenue, Tickets_Sold, RevenueTypes_ID) VALUES (TO_DATE('2023-01-15', 'YYYY-MM-DD'), FLOOR(dbms_random.value(1, 100000)) + 1, FLOOR(dbms_random.value(1, 1000)) + 1, 'RT106');
--INSERT INTO REVENUE_EVENTS (Date_Time, Revenue, Tickets_Sold, RevenueTypes_ID) VALUES (TO_DATE('2023-01-15', 'YYYY-MM-DD'), FLOOR(dbms_random.value(1, 100000)) + 1, FLOOR(dbms_random.value(1, 1000)) + 1, 'RT107');
--INSERT INTO REVENUE_EVENTS (Date_Time, Revenue, Tickets_Sold, RevenueTypes_ID) VALUES (TO_DATE('2023-01-15', 'YYYY-MM-DD'), FLOOR(dbms_random.value(1, 100000)) + 1, FLOOR(dbms_random.value(1, 1000)) + 1, 'RT108');
--INSERT INTO REVENUE_EVENTS (Date_Time, Revenue, Tickets_Sold, RevenueTypes_ID) VALUES (TO_DATE('2023-01-15', 'YYYY-MM-DD'), FLOOR(dbms_random.value(1, 100000)) + 1, FLOOR(dbms_random.value(1, 1000)) + 1, 'RT109');
--INSERT INTO REVENUE_EVENTS (Date_Time, Revenue, Tickets_Sold, RevenueTypes_ID) VALUES (TO_DATE('2023-01-15', 'YYYY-MM-DD'), FLOOR(dbms_random.value(1, 100000)) + 1, FLOOR(dbms_random.value(1, 1000)) + 1, 'RT110');
--INSERT INTO REVENUE_EVENTS (Date_Time, Revenue, Tickets_Sold, RevenueTypes_ID) VALUES (TO_DATE('2023-01-15', 'YYYY-MM-DD'), FLOOR(dbms_random.value(1, 100000)) + 1, FLOOR(dbms_random.value(1, 1000)) + 1, 'RT111');
--INSERT INTO REVENUE_EVENTS (Date_Time, Revenue, Tickets_Sold, RevenueTypes_ID) VALUES (TO_DATE('2023-01-15', 'YYYY-MM-DD'), FLOOR(dbms_random.value(1, 100000)) + 1, FLOOR(dbms_random.value(1, 1000)) + 1, 'RT112');
--INSERT INTO REVENUE_EVENTS (Date_Time, Revenue, Tickets_Sold, RevenueTypes_ID) VALUES (TO_DATE('2023-01-16', 'YYYY-MM-DD'), FLOOR(dbms_random.value(100000, 1000000)) + 1, FLOOR(dbms_random.value(1000, 10000)) + 1, 'RT101');
--INSERT INTO REVENUE_EVENTS (Date_Time, Revenue, Tickets_Sold, RevenueTypes_ID) VALUES (TO_DATE('2023-01-16', 'YYYY-MM-DD'), FLOOR(dbms_random.value(1, 100000)) + 1, FLOOR(dbms_random.value(1, 1000)) + 1, 'RT102');
--INSERT INTO REVENUE_EVENTS (Date_Time, Revenue, Tickets_Sold, RevenueTypes_ID) VALUES (TO_DATE('2023-01-16', 'YYYY-MM-DD'), FLOOR(dbms_random.value(1, 100000)) + 1, FLOOR(dbms_random.value(1, 1000)) + 1, 'RT103');
--INSERT INTO REVENUE_EVENTS (Date_Time, Revenue, Tickets_Sold, RevenueTypes_ID) VALUES (TO_DATE('2023-01-16', 'YYYY-MM-DD'), FLOOR(dbms_random.value(1, 100000)) + 1, FLOOR(dbms_random.value(1, 1000)) + 1, 'RT104');
--INSERT INTO REVENUE_EVENTS (Date_Time, Revenue, Tickets_Sold, RevenueTypes_ID) VALUES (TO_DATE('2023-01-16', 'YYYY-MM-DD'), FLOOR(dbms_random.value(1, 100000)) + 1, FLOOR(dbms_random.value(1, 1000)) + 1, 'RT105');
--INSERT INTO REVENUE_EVENTS (Date_Time, Revenue, Tickets_Sold, RevenueTypes_ID) VALUES (TO_DATE('2023-01-16', 'YYYY-MM-DD'), FLOOR(dbms_random.value(1, 100000)) + 1, FLOOR(dbms_random.value(1, 1000)) + 1, 'RT106');
--INSERT INTO REVENUE_EVENTS (Date_Time, Revenue, Tickets_Sold, RevenueTypes_ID) VALUES (TO_DATE('2023-01-16', 'YYYY-MM-DD'), FLOOR(dbms_random.value(1, 100000)) + 1, FLOOR(dbms_random.value(1, 1000)) + 1, 'RT107');
--INSERT INTO REVENUE_EVENTS (Date_Time, Revenue, Tickets_Sold, RevenueTypes_ID) VALUES (TO_DATE('2023-01-16', 'YYYY-MM-DD'), FLOOR(dbms_random.value(1, 100000)) + 1, FLOOR(dbms_random.value(1, 1000)) + 1, 'RT108');
--INSERT INTO REVENUE_EVENTS (Date_Time, Revenue, Tickets_Sold, RevenueTypes_ID) VALUES (TO_DATE('2023-01-16', 'YYYY-MM-DD'), FLOOR(dbms_random.value(1, 100000)) + 1, FLOOR(dbms_random.value(1, 1000)) + 1, 'RT109');
--INSERT INTO REVENUE_EVENTS (Date_Time, Revenue, Tickets_Sold, RevenueTypes_ID) VALUES (TO_DATE('2023-01-16', 'YYYY-MM-DD'), FLOOR(dbms_random.value(1, 100000)) + 1, FLOOR(dbms_random.value(1, 1000)) + 1, 'RT110');
--INSERT INTO REVENUE_EVENTS (Date_Time, Revenue, Tickets_Sold, RevenueTypes_ID) VALUES (TO_DATE('2023-01-16', 'YYYY-MM-DD'), FLOOR(dbms_random.value(1, 100000)) + 1, FLOOR(dbms_random.value(1, 1000)) + 1, 'RT111');
--INSERT INTO REVENUE_EVENTS (Date_Time, Revenue, Tickets_Sold, RevenueTypes_ID) VALUES (TO_DATE('2023-01-16', 'YYYY-MM-DD'), FLOOR(dbms_random.value(1, 100000)) + 1, FLOOR(dbms_random.value(1, 1000)) + 1, 'RT112');
--INSERT INTO REVENUE_EVENTS (Date_Time, Revenue, Tickets_Sold, RevenueTypes_ID) VALUES (TO_DATE('2023-01-17', 'YYYY-MM-DD'), FLOOR(dbms_random.value(100000, 1000000)) + 1, FLOOR(dbms_random.value(1000, 10000)) + 1, 'RT101');
--INSERT INTO REVENUE_EVENTS (Date_Time, Revenue, Tickets_Sold, RevenueTypes_ID) VALUES (TO_DATE('2023-01-17', 'YYYY-MM-DD'), FLOOR(dbms_random.value(1, 100000)) + 1, FLOOR(dbms_random.value(1, 1000)) + 1, 'RT102');
--INSERT INTO REVENUE_EVENTS (Date_Time, Revenue, Tickets_Sold, RevenueTypes_ID) VALUES (TO_DATE('2023-01-17', 'YYYY-MM-DD'), FLOOR(dbms_random.value(1, 100000)) + 1, FLOOR(dbms_random.value(1, 1000)) + 1, 'RT103');
--INSERT INTO REVENUE_EVENTS (Date_Time, Revenue, Tickets_Sold, RevenueTypes_ID) VALUES (TO_DATE('2023-01-17', 'YYYY-MM-DD'), FLOOR(dbms_random.value(1, 100000)) + 1, FLOOR(dbms_random.value(1, 1000)) + 1, 'RT104');
--INSERT INTO REVENUE_EVENTS (Date_Time, Revenue, Tickets_Sold, RevenueTypes_ID) VALUES (TO_DATE('2023-01-17', 'YYYY-MM-DD'), FLOOR(dbms_random.value(1, 100000)) + 1, FLOOR(dbms_random.value(1, 1000)) + 1, 'RT105');
--INSERT INTO REVENUE_EVENTS (Date_Time, Revenue, Tickets_Sold, RevenueTypes_ID) VALUES (TO_DATE('2023-01-17', 'YYYY-MM-DD'), FLOOR(dbms_random.value(1, 100000)) + 1, FLOOR(dbms_random.value(1, 1000)) + 1, 'RT106');
--INSERT INTO REVENUE_EVENTS (Date_Time, Revenue, Tickets_Sold, RevenueTypes_ID) VALUES (TO_DATE('2023-01-17', 'YYYY-MM-DD'), FLOOR(dbms_random.value(1, 100000)) + 1, FLOOR(dbms_random.value(1, 1000)) + 1, 'RT107');
--INSERT INTO REVENUE_EVENTS (Date_Time, Revenue, Tickets_Sold, RevenueTypes_ID) VALUES (TO_DATE('2023-01-17', 'YYYY-MM-DD'), FLOOR(dbms_random.value(1, 100000)) + 1, FLOOR(dbms_random.value(1, 1000)) + 1, 'RT108');
--INSERT INTO REVENUE_EVENTS (Date_Time, Revenue, Tickets_Sold, RevenueTypes_ID) VALUES (TO_DATE('2023-01-17', 'YYYY-MM-DD'), FLOOR(dbms_random.value(1, 100000)) + 1, FLOOR(dbms_random.value(1, 1000)) + 1, 'RT109');
--INSERT INTO REVENUE_EVENTS (Date_Time, Revenue, Tickets_Sold, RevenueTypes_ID) VALUES (TO_DATE('2023-01-17', 'YYYY-MM-DD'), FLOOR(dbms_random.value(1, 100000)) + 1, FLOOR(dbms_random.value(1, 1000)) + 1, 'RT110');
--INSERT INTO REVENUE_EVENTS (Date_Time, Revenue, Tickets_Sold, RevenueTypes_ID) VALUES (TO_DATE('2023-01-17', 'YYYY-MM-DD'), FLOOR(dbms_random.value(1, 100000)) + 1, FLOOR(dbms_random.value(1, 1000)) + 1, 'RT111');
--INSERT INTO REVENUE_EVENTS (Date_Time, Revenue, Tickets_Sold, RevenueTypes_ID) VALUES (TO_DATE('2023-01-17', 'YYYY-MM-DD'), FLOOR(dbms_random.value(1, 100000)) + 1, FLOOR(dbms_random.value(1, 1000)) + 1, 'RT112');
--INSERT INTO REVENUE_EVENTS (Date_Time, Revenue, Tickets_Sold, RevenueTypes_ID) VALUES (TO_DATE('2023-01-18', 'YYYY-MM-DD'), FLOOR(dbms_random.value(100000, 1000000)) + 1, FLOOR(dbms_random.value(1000, 10000)) + 1, 'RT101');
--INSERT INTO REVENUE_EVENTS (Date_Time, Revenue, Tickets_Sold, RevenueTypes_ID) VALUES (TO_DATE('2023-01-18', 'YYYY-MM-DD'), FLOOR(dbms_random.value(1, 100000)) + 1, FLOOR(dbms_random.value(1, 1000)) + 1, 'RT102');
--INSERT INTO REVENUE_EVENTS (Date_Time, Revenue, Tickets_Sold, RevenueTypes_ID) VALUES (TO_DATE('2023-01-18', 'YYYY-MM-DD'), FLOOR(dbms_random.value(1, 100000)) + 1, FLOOR(dbms_random.value(1, 1000)) + 1, 'RT103');
--INSERT INTO REVENUE_EVENTS (Date_Time, Revenue, Tickets_Sold, RevenueTypes_ID) VALUES (TO_DATE('2023-01-18', 'YYYY-MM-DD'), FLOOR(dbms_random.value(1, 100000)) + 1, FLOOR(dbms_random.value(1, 1000)) + 1, 'RT104');
--INSERT INTO REVENUE_EVENTS (Date_Time, Revenue, Tickets_Sold, RevenueTypes_ID) VALUES (TO_DATE('2023-01-18', 'YYYY-MM-DD'), FLOOR(dbms_random.value(1, 100000)) + 1, FLOOR(dbms_random.value(1, 1000)) + 1, 'RT105');
--INSERT INTO REVENUE_EVENTS (Date_Time, Revenue, Tickets_Sold, RevenueTypes_ID) VALUES (TO_DATE('2023-01-18', 'YYYY-MM-DD'), FLOOR(dbms_random.value(1, 100000)) + 1, FLOOR(dbms_random.value(1, 1000)) + 1, 'RT106');
--INSERT INTO REVENUE_EVENTS (Date_Time, Revenue, Tickets_Sold, RevenueTypes_ID) VALUES (TO_DATE('2023-01-18', 'YYYY-MM-DD'), FLOOR(dbms_random.value(1, 100000)) + 1, FLOOR(dbms_random.value(1, 1000)) + 1, 'RT107');
--INSERT INTO REVENUE_EVENTS (Date_Time, Revenue, Tickets_Sold, RevenueTypes_ID) VALUES (TO_DATE('2023-01-18', 'YYYY-MM-DD'), FLOOR(dbms_random.value(1, 100000)) + 1, FLOOR(dbms_random.value(1, 1000)) + 1, 'RT108');
--INSERT INTO REVENUE_EVENTS (Date_Time, Revenue, Tickets_Sold, RevenueTypes_ID) VALUES (TO_DATE('2023-01-18', 'YYYY-MM-DD'), FLOOR(dbms_random.value(1, 100000)) + 1, FLOOR(dbms_random.value(1, 1000)) + 1, 'RT109');
--INSERT INTO REVENUE_EVENTS (Date_Time, Revenue, Tickets_Sold, RevenueTypes_ID) VALUES (TO_DATE('2023-01-18', 'YYYY-MM-DD'), FLOOR(dbms_random.value(1, 100000)) + 1, FLOOR(dbms_random.value(1, 1000)) + 1, 'RT110');
--INSERT INTO REVENUE_EVENTS (Date_Time, Revenue, Tickets_Sold, RevenueTypes_ID) VALUES (TO_DATE('2023-01-18', 'YYYY-MM-DD'), FLOOR(dbms_random.value(1, 100000)) + 1, FLOOR(dbms_random.value(1, 1000)) + 1, 'RT111');
--INSERT INTO REVENUE_EVENTS (Date_Time, Revenue, Tickets_Sold, RevenueTypes_ID) VALUES (TO_DATE('2023-01-18', 'YYYY-MM-DD'), FLOOR(dbms_random.value(1, 100000)) + 1, FLOOR(dbms_random.value(1, 1000)) + 1, 'RT112');
--INSERT INTO REVENUE_EVENTS (Date_Time, Revenue, Tickets_Sold, RevenueTypes_ID) VALUES (TO_DATE('2023-01-19', 'YYYY-MM-DD'), FLOOR(dbms_random.value(100000, 1000000)) + 1, FLOOR(dbms_random.value(1000, 10000)) + 1, 'RT101');
--INSERT INTO REVENUE_EVENTS (Date_Time, Revenue, Tickets_Sold, RevenueTypes_ID) VALUES (TO_DATE('2023-01-19', 'YYYY-MM-DD'), FLOOR(dbms_random.value(1, 100000)) + 1, FLOOR(dbms_random.value(1, 1000)) + 1, 'RT102');
--INSERT INTO REVENUE_EVENTS (Date_Time, Revenue, Tickets_Sold, RevenueTypes_ID) VALUES (TO_DATE('2023-01-19', 'YYYY-MM-DD'), FLOOR(dbms_random.value(1, 100000)) + 1, FLOOR(dbms_random.value(1, 1000)) + 1, 'RT103');
--INSERT INTO REVENUE_EVENTS (Date_Time, Revenue, Tickets_Sold, RevenueTypes_ID) VALUES (TO_DATE('2023-01-19', 'YYYY-MM-DD'), FLOOR(dbms_random.value(1, 100000)) + 1, FLOOR(dbms_random.value(1, 1000)) + 1, 'RT104');
--INSERT INTO REVENUE_EVENTS (Date_Time, Revenue, Tickets_Sold, RevenueTypes_ID) VALUES (TO_DATE('2023-01-19', 'YYYY-MM-DD'), FLOOR(dbms_random.value(1, 100000)) + 1, FLOOR(dbms_random.value(1, 1000)) + 1, 'RT105');
--INSERT INTO REVENUE_EVENTS (Date_Time, Revenue, Tickets_Sold, RevenueTypes_ID) VALUES (TO_DATE('2023-01-19', 'YYYY-MM-DD'), FLOOR(dbms_random.value(1, 100000)) + 1, FLOOR(dbms_random.value(1, 1000)) + 1, 'RT106');
--INSERT INTO REVENUE_EVENTS (Date_Time, Revenue, Tickets_Sold, RevenueTypes_ID) VALUES (TO_DATE('2023-01-19', 'YYYY-MM-DD'), FLOOR(dbms_random.value(1, 100000)) + 1, FLOOR(dbms_random.value(1, 1000)) + 1, 'RT107');
--INSERT INTO REVENUE_EVENTS (Date_Time, Revenue, Tickets_Sold, RevenueTypes_ID) VALUES (TO_DATE('2023-01-19', 'YYYY-MM-DD'), FLOOR(dbms_random.value(1, 100000)) + 1, FLOOR(dbms_random.value(1, 1000)) + 1, 'RT108');
--INSERT INTO REVENUE_EVENTS (Date_Time, Revenue, Tickets_Sold, RevenueTypes_ID) VALUES (TO_DATE('2023-01-19', 'YYYY-MM-DD'), FLOOR(dbms_random.value(1, 100000)) + 1, FLOOR(dbms_random.value(1, 1000)) + 1, 'RT109');
--INSERT INTO REVENUE_EVENTS (Date_Time, Revenue, Tickets_Sold, RevenueTypes_ID) VALUES (TO_DATE('2023-01-19', 'YYYY-MM-DD'), FLOOR(dbms_random.value(1, 100000)) + 1, FLOOR(dbms_random.value(1, 1000)) + 1, 'RT110');
--INSERT INTO REVENUE_EVENTS (Date_Time, Revenue, Tickets_Sold, RevenueTypes_ID) VALUES (TO_DATE('2023-01-19', 'YYYY-MM-DD'), FLOOR(dbms_random.value(1, 100000)) + 1, FLOOR(dbms_random.value(1, 1000)) + 1, 'RT111');
--INSERT INTO REVENUE_EVENTS (Date_Time, Revenue, Tickets_Sold, RevenueTypes_ID) VALUES (TO_DATE('2023-01-19', 'YYYY-MM-DD'), FLOOR(dbms_random.value(1, 100000)) + 1, FLOOR(dbms_random.value(1, 1000)) + 1, 'RT112');
--INSERT INTO REVENUE_EVENTS (Date_Time, Revenue, Tickets_Sold, RevenueTypes_ID) VALUES (TO_DATE('2023-01-20', 'YYYY-MM-DD'), FLOOR(dbms_random.value(100000, 1000000)) + 1, FLOOR(dbms_random.value(1000, 10000)) + 1, 'RT101');
--INSERT INTO REVENUE_EVENTS (Date_Time, Revenue, Tickets_Sold, RevenueTypes_ID) VALUES (TO_DATE('2023-01-20', 'YYYY-MM-DD'), FLOOR(dbms_random.value(1, 100000)) + 1, FLOOR(dbms_random.value(1, 1000)) + 1, 'RT102');
--INSERT INTO REVENUE_EVENTS (Date_Time, Revenue, Tickets_Sold, RevenueTypes_ID) VALUES (TO_DATE('2023-01-20', 'YYYY-MM-DD'), FLOOR(dbms_random.value(1, 100000)) + 1, FLOOR(dbms_random.value(1, 1000)) + 1, 'RT103');
--INSERT INTO REVENUE_EVENTS (Date_Time, Revenue, Tickets_Sold, RevenueTypes_ID) VALUES (TO_DATE('2023-01-20', 'YYYY-MM-DD'), FLOOR(dbms_random.value(1, 100000)) + 1, FLOOR(dbms_random.value(1, 1000)) + 1, 'RT104');
--INSERT INTO REVENUE_EVENTS (Date_Time, Revenue, Tickets_Sold, RevenueTypes_ID) VALUES (TO_DATE('2023-01-20', 'YYYY-MM-DD'), FLOOR(dbms_random.value(1, 100000)) + 1, FLOOR(dbms_random.value(1, 1000)) + 1, 'RT105');
--INSERT INTO REVENUE_EVENTS (Date_Time, Revenue, Tickets_Sold, RevenueTypes_ID) VALUES (TO_DATE('2023-01-20', 'YYYY-MM-DD'), FLOOR(dbms_random.value(1, 100000)) + 1, FLOOR(dbms_random.value(1, 1000)) + 1, 'RT106');
--INSERT INTO REVENUE_EVENTS (Date_Time, Revenue, Tickets_Sold, RevenueTypes_ID) VALUES (TO_DATE('2023-01-20', 'YYYY-MM-DD'), FLOOR(dbms_random.value(1, 100000)) + 1, FLOOR(dbms_random.value(1, 1000)) + 1, 'RT107');
--INSERT INTO REVENUE_EVENTS (Date_Time, Revenue, Tickets_Sold, RevenueTypes_ID) VALUES (TO_DATE('2023-01-20', 'YYYY-MM-DD'), FLOOR(dbms_random.value(1, 100000)) + 1, FLOOR(dbms_random.value(1, 1000)) + 1, 'RT108');
--INSERT INTO REVENUE_EVENTS (Date_Time, Revenue, Tickets_Sold, RevenueTypes_ID) VALUES (TO_DATE('2023-01-20', 'YYYY-MM-DD'), FLOOR(dbms_random.value(1, 100000)) + 1, FLOOR(dbms_random.value(1, 1000)) + 1, 'RT109');
--INSERT INTO REVENUE_EVENTS (Date_Time, Revenue, Tickets_Sold, RevenueTypes_ID) VALUES (TO_DATE('2023-01-20', 'YYYY-MM-DD'), FLOOR(dbms_random.value(1, 100000)) + 1, FLOOR(dbms_random.value(1, 1000)) + 1, 'RT110');
--INSERT INTO REVENUE_EVENTS (Date_Time, Revenue, Tickets_Sold, RevenueTypes_ID) VALUES (TO_DATE('2023-01-20', 'YYYY-MM-DD'), FLOOR(dbms_random.value(1, 100000)) + 1, FLOOR(dbms_random.value(1, 1000)) + 1, 'RT111');
--INSERT INTO REVENUE_EVENTS (Date_Time, Revenue, Tickets_Sold, RevenueTypes_ID) VALUES (TO_DATE('2023-01-20', 'YYYY-MM-DD'), FLOOR(dbms_random.value(1, 100000)) + 1, FLOOR(dbms_random.value(1, 1000)) + 1, 'RT112');
--INSERT INTO REVENUE_EVENTS (Date_Time, Revenue, Tickets_Sold, RevenueTypes_ID) VALUES (TO_DATE('2023-01-21', 'YYYY-MM-DD'), FLOOR(dbms_random.value(100000, 1000000)) + 1, FLOOR(dbms_random.value(1000, 10000)) + 1, 'RT101');
--INSERT INTO REVENUE_EVENTS (Date_Time, Revenue, Tickets_Sold, RevenueTypes_ID) VALUES (TO_DATE('2023-01-21', 'YYYY-MM-DD'), FLOOR(dbms_random.value(1, 100000)) + 1, FLOOR(dbms_random.value(1, 1000)) + 1, 'RT102');
--INSERT INTO REVENUE_EVENTS (Date_Time, Revenue, Tickets_Sold, RevenueTypes_ID) VALUES (TO_DATE('2023-01-21', 'YYYY-MM-DD'), FLOOR(dbms_random.value(1, 100000)) + 1, FLOOR(dbms_random.value(1, 1000)) + 1, 'RT103');
--INSERT INTO REVENUE_EVENTS (Date_Time, Revenue, Tickets_Sold, RevenueTypes_ID) VALUES (TO_DATE('2023-01-21', 'YYYY-MM-DD'), FLOOR(dbms_random.value(1, 100000)) + 1, FLOOR(dbms_random.value(1, 1000)) + 1, 'RT104');
--INSERT INTO REVENUE_EVENTS (Date_Time, Revenue, Tickets_Sold, RevenueTypes_ID) VALUES (TO_DATE('2023-01-21', 'YYYY-MM-DD'), FLOOR(dbms_random.value(1, 100000)) + 1, FLOOR(dbms_random.value(1, 1000)) + 1, 'RT105');
--INSERT INTO REVENUE_EVENTS (Date_Time, Revenue, Tickets_Sold, RevenueTypes_ID) VALUES (TO_DATE('2023-01-21', 'YYYY-MM-DD'), FLOOR(dbms_random.value(1, 100000)) + 1, FLOOR(dbms_random.value(1, 1000)) + 1, 'RT106');
--INSERT INTO REVENUE_EVENTS (Date_Time, Revenue, Tickets_Sold, RevenueTypes_ID) VALUES (TO_DATE('2023-01-21', 'YYYY-MM-DD'), FLOOR(dbms_random.value(1, 100000)) + 1, FLOOR(dbms_random.value(1, 1000)) + 1, 'RT107');
--INSERT INTO REVENUE_EVENTS (Date_Time, Revenue, Tickets_Sold, RevenueTypes_ID) VALUES (TO_DATE('2023-01-21', 'YYYY-MM-DD'), FLOOR(dbms_random.value(1, 100000)) + 1, FLOOR(dbms_random.value(1, 1000)) + 1, 'RT108');
--INSERT INTO REVENUE_EVENTS (Date_Time, Revenue, Tickets_Sold, RevenueTypes_ID) VALUES (TO_DATE('2023-01-21', 'YYYY-MM-DD'), FLOOR(dbms_random.value(1, 100000)) + 1, FLOOR(dbms_random.value(1, 1000)) + 1, 'RT109');
--INSERT INTO REVENUE_EVENTS (Date_Time, Revenue, Tickets_Sold, RevenueTypes_ID) VALUES (TO_DATE('2023-01-21', 'YYYY-MM-DD'), FLOOR(dbms_random.value(1, 100000)) + 1, FLOOR(dbms_random.value(1, 1000)) + 1, 'RT110');
--INSERT INTO REVENUE_EVENTS (Date_Time, Revenue, Tickets_Sold, RevenueTypes_ID) VALUES (TO_DATE('2023-01-21', 'YYYY-MM-DD'), FLOOR(dbms_random.value(1, 100000)) + 1, FLOOR(dbms_random.value(1, 1000)) + 1, 'RT111');
--INSERT INTO REVENUE_EVENTS (Date_Time, Revenue, Tickets_Sold, RevenueTypes_ID) VALUES (TO_DATE('2023-01-21', 'YYYY-MM-DD'), FLOOR(dbms_random.value(1, 100000)) + 1, FLOOR(dbms_random.value(1, 1000)) + 1, 'RT112');
--INSERT INTO REVENUE_EVENTS (Date_Time, Revenue, Tickets_Sold, RevenueTypes_ID) VALUES (TO_DATE('2023-01-22', 'YYYY-MM-DD'), FLOOR(dbms_random.value(100000, 1000000)) + 1, FLOOR(dbms_random.value(1000, 10000)) + 1, 'RT101');
--INSERT INTO REVENUE_EVENTS (Date_Time, Revenue, Tickets_Sold, RevenueTypes_ID) VALUES (TO_DATE('2023-01-22', 'YYYY-MM-DD'), FLOOR(dbms_random.value(1, 100000)) + 1, FLOOR(dbms_random.value(1, 1000)) + 1, 'RT102');
--INSERT INTO REVENUE_EVENTS (Date_Time, Revenue, Tickets_Sold, RevenueTypes_ID) VALUES (TO_DATE('2023-01-22', 'YYYY-MM-DD'), FLOOR(dbms_random.value(1, 100000)) + 1, FLOOR(dbms_random.value(1, 1000)) + 1, 'RT103');
--INSERT INTO REVENUE_EVENTS (Date_Time, Revenue, Tickets_Sold, RevenueTypes_ID) VALUES (TO_DATE('2023-01-22', 'YYYY-MM-DD'), FLOOR(dbms_random.value(1, 100000)) + 1, FLOOR(dbms_random.value(1, 1000)) + 1, 'RT104');
--INSERT INTO REVENUE_EVENTS (Date_Time, Revenue, Tickets_Sold, RevenueTypes_ID) VALUES (TO_DATE('2023-01-22', 'YYYY-MM-DD'), FLOOR(dbms_random.value(1, 100000)) + 1, FLOOR(dbms_random.value(1, 1000)) + 1, 'RT105');
--INSERT INTO REVENUE_EVENTS (Date_Time, Revenue, Tickets_Sold, RevenueTypes_ID) VALUES (TO_DATE('2023-01-22', 'YYYY-MM-DD'), FLOOR(dbms_random.value(1, 100000)) + 1, FLOOR(dbms_random.value(1, 1000)) + 1, 'RT106');
--INSERT INTO REVENUE_EVENTS (Date_Time, Revenue, Tickets_Sold, RevenueTypes_ID) VALUES (TO_DATE('2023-01-22', 'YYYY-MM-DD'), FLOOR(dbms_random.value(1, 100000)) + 1, FLOOR(dbms_random.value(1, 1000)) + 1, 'RT107');
--INSERT INTO REVENUE_EVENTS (Date_Time, Revenue, Tickets_Sold, RevenueTypes_ID) VALUES (TO_DATE('2023-01-22', 'YYYY-MM-DD'), FLOOR(dbms_random.value(1, 100000)) + 1, FLOOR(dbms_random.value(1, 1000)) + 1, 'RT108');
--INSERT INTO REVENUE_EVENTS (Date_Time, Revenue, Tickets_Sold, RevenueTypes_ID) VALUES (TO_DATE('2023-01-22', 'YYYY-MM-DD'), FLOOR(dbms_random.value(1, 100000)) + 1, FLOOR(dbms_random.value(1, 1000)) + 1, 'RT109');
--INSERT INTO REVENUE_EVENTS (Date_Time, Revenue, Tickets_Sold, RevenueTypes_ID) VALUES (TO_DATE('2023-01-22', 'YYYY-MM-DD'), FLOOR(dbms_random.value(1, 100000)) + 1, FLOOR(dbms_random.value(1, 1000)) + 1, 'RT110');
--INSERT INTO REVENUE_EVENTS (Date_Time, Revenue, Tickets_Sold, RevenueTypes_ID) VALUES (TO_DATE('2023-01-22', 'YYYY-MM-DD'), FLOOR(dbms_random.value(1, 100000)) + 1, FLOOR(dbms_random.value(1, 1000)) + 1, 'RT111');
--INSERT INTO REVENUE_EVENTS (Date_Time, Revenue, Tickets_Sold, RevenueTypes_ID) VALUES (TO_DATE('2023-01-22', 'YYYY-MM-DD'), FLOOR(dbms_random.value(1, 100000)) + 1, FLOOR(dbms_random.value(1, 1000)) + 1, 'RT112');
--INSERT INTO REVENUE_EVENTS (Date_Time, Revenue, Tickets_Sold, RevenueTypes_ID) VALUES (TO_DATE('2023-01-23', 'YYYY-MM-DD'), FLOOR(dbms_random.value(100000, 1000000)) + 1, FLOOR(dbms_random.value(1000, 10000)) + 1, 'RT101');
--INSERT INTO REVENUE_EVENTS (Date_Time, Revenue, Tickets_Sold, RevenueTypes_ID) VALUES (TO_DATE('2023-01-23', 'YYYY-MM-DD'), FLOOR(dbms_random.value(1, 100000)) + 1, FLOOR(dbms_random.value(1, 1000)) + 1, 'RT102');
--INSERT INTO REVENUE_EVENTS (Date_Time, Revenue, Tickets_Sold, RevenueTypes_ID) VALUES (TO_DATE('2023-01-23', 'YYYY-MM-DD'), FLOOR(dbms_random.value(1, 100000)) + 1, FLOOR(dbms_random.value(1, 1000)) + 1, 'RT103');
--INSERT INTO REVENUE_EVENTS (Date_Time, Revenue, Tickets_Sold, RevenueTypes_ID) VALUES (TO_DATE('2023-01-23', 'YYYY-MM-DD'), FLOOR(dbms_random.value(1, 100000)) + 1, FLOOR(dbms_random.value(1, 1000)) + 1, 'RT104');
--INSERT INTO REVENUE_EVENTS (Date_Time, Revenue, Tickets_Sold, RevenueTypes_ID) VALUES (TO_DATE('2023-01-23', 'YYYY-MM-DD'), FLOOR(dbms_random.value(1, 100000)) + 1, FLOOR(dbms_random.value(1, 1000)) + 1, 'RT105');
--INSERT INTO REVENUE_EVENTS (Date_Time, Revenue, Tickets_Sold, RevenueTypes_ID) VALUES (TO_DATE('2023-01-23', 'YYYY-MM-DD'), FLOOR(dbms_random.value(1, 100000)) + 1, FLOOR(dbms_random.value(1, 1000)) + 1, 'RT106');
--INSERT INTO REVENUE_EVENTS (Date_Time, Revenue, Tickets_Sold, RevenueTypes_ID) VALUES (TO_DATE('2023-01-23', 'YYYY-MM-DD'), FLOOR(dbms_random.value(1, 100000)) + 1, FLOOR(dbms_random.value(1, 1000)) + 1, 'RT107');
--INSERT INTO REVENUE_EVENTS (Date_Time, Revenue, Tickets_Sold, RevenueTypes_ID) VALUES (TO_DATE('2023-01-23', 'YYYY-MM-DD'), FLOOR(dbms_random.value(1, 100000)) + 1, FLOOR(dbms_random.value(1, 1000)) + 1, 'RT108');
--INSERT INTO REVENUE_EVENTS (Date_Time, Revenue, Tickets_Sold, RevenueTypes_ID) VALUES (TO_DATE('2023-01-23', 'YYYY-MM-DD'), FLOOR(dbms_random.value(1, 100000)) + 1, FLOOR(dbms_random.value(1, 1000)) + 1, 'RT109');
--INSERT INTO REVENUE_EVENTS (Date_Time, Revenue, Tickets_Sold, RevenueTypes_ID) VALUES (TO_DATE('2023-01-23', 'YYYY-MM-DD'), FLOOR(dbms_random.value(1, 100000)) + 1, FLOOR(dbms_random.value(1, 1000)) + 1, 'RT110');
--INSERT INTO REVENUE_EVENTS (Date_Time, Revenue, Tickets_Sold, RevenueTypes_ID) VALUES (TO_DATE('2023-01-23', 'YYYY-MM-DD'), FLOOR(dbms_random.value(1, 100000)) + 1, FLOOR(dbms_random.value(1, 1000)) + 1, 'RT111');
--INSERT INTO REVENUE_EVENTS (Date_Time, Revenue, Tickets_Sold, RevenueTypes_ID) VALUES (TO_DATE('2023-01-23', 'YYYY-MM-DD'), FLOOR(dbms_random.value(1, 100000)) + 1, FLOOR(dbms_random.value(1, 1000)) + 1, 'RT112');
--INSERT INTO REVENUE_EVENTS (Date_Time, Revenue, Tickets_Sold, RevenueTypes_ID) VALUES (TO_DATE('2023-01-24', 'YYYY-MM-DD'), FFLOOR(dbms_random.value(100000, 1000000)) + 1, FLOOR(dbms_random.value(1000, 10000)) + 1, 'RT101');
--INSERT INTO REVENUE_EVENTS (Date_Time, Revenue, Tickets_Sold, RevenueTypes_ID) VALUES (TO_DATE('2023-01-24', 'YYYY-MM-DD'), FLOOR(dbms_random.value(1, 100000)) + 1, FLOOR(dbms_random.value(1, 1000)) + 1, 'RT102');
--INSERT INTO REVENUE_EVENTS (Date_Time, Revenue, Tickets_Sold, RevenueTypes_ID) VALUES (TO_DATE('2023-01-24', 'YYYY-MM-DD'), FLOOR(dbms_random.value(1, 100000)) + 1, FLOOR(dbms_random.value(1, 1000)) + 1, 'RT103');
--INSERT INTO REVENUE_EVENTS (Date_Time, Revenue, Tickets_Sold, RevenueTypes_ID) VALUES (TO_DATE('2023-01-24', 'YYYY-MM-DD'), FLOOR(dbms_random.value(1, 100000)) + 1, FLOOR(dbms_random.value(1, 1000)) + 1, 'RT104');
--INSERT INTO REVENUE_EVENTS (Date_Time, Revenue, Tickets_Sold, RevenueTypes_ID) VALUES (TO_DATE('2023-01-24', 'YYYY-MM-DD'), FLOOR(dbms_random.value(1, 100000)) + 1, FLOOR(dbms_random.value(1, 1000)) + 1, 'RT105');
--INSERT INTO REVENUE_EVENTS (Date_Time, Revenue, Tickets_Sold, RevenueTypes_ID) VALUES (TO_DATE('2023-01-24', 'YYYY-MM-DD'), FLOOR(dbms_random.value(1, 100000)) + 1, FLOOR(dbms_random.value(1, 1000)) + 1, 'RT106');
--INSERT INTO REVENUE_EVENTS (Date_Time, Revenue, Tickets_Sold, RevenueTypes_ID) VALUES (TO_DATE('2023-01-24', 'YYYY-MM-DD'), FLOOR(dbms_random.value(1, 100000)) + 1, FLOOR(dbms_random.value(1, 1000)) + 1, 'RT107');
--INSERT INTO REVENUE_EVENTS (Date_Time, Revenue, Tickets_Sold, RevenueTypes_ID) VALUES (TO_DATE('2023-01-24', 'YYYY-MM-DD'), FLOOR(dbms_random.value(1, 100000)) + 1, FLOOR(dbms_random.value(1, 1000)) + 1, 'RT108');
--INSERT INTO REVENUE_EVENTS (Date_Time, Revenue, Tickets_Sold, RevenueTypes_ID) VALUES (TO_DATE('2023-01-24', 'YYYY-MM-DD'), FLOOR(dbms_random.value(1, 100000)) + 1, FLOOR(dbms_random.value(1, 1000)) + 1, 'RT109');
--INSERT INTO REVENUE_EVENTS (Date_Time, Revenue, Tickets_Sold, RevenueTypes_ID) VALUES (TO_DATE('2023-01-24', 'YYYY-MM-DD'), FLOOR(dbms_random.value(1, 100000)) + 1, FLOOR(dbms_random.value(1, 1000)) + 1, 'RT110');
--INSERT INTO REVENUE_EVENTS (Date_Time, Revenue, Tickets_Sold, RevenueTypes_ID) VALUES (TO_DATE('2023-01-24', 'YYYY-MM-DD'), FLOOR(dbms_random.value(1, 100000)) + 1, FLOOR(dbms_random.value(1, 1000)) + 1, 'RT111');
--INSERT INTO REVENUE_EVENTS (Date_Time, Revenue, Tickets_Sold, RevenueTypes_ID) VALUES (TO_DATE('2023-01-24', 'YYYY-MM-DD'), FLOOR(dbms_random.value(1, 100000)) + 1, FLOOR(dbms_random.value(1, 1000)) + 1, 'RT112');
--INSERT INTO REVENUE_EVENTS (Date_Time, Revenue, Tickets_Sold, RevenueTypes_ID) VALUES (TO_DATE('2023-01-25', 'YYYY-MM-DD'), FLOOR(dbms_random.value(100000, 1000000)) + 1, FLOOR(dbms_random.value(1000, 10000)) + 1, 'RT101');
--INSERT INTO REVENUE_EVENTS (Date_Time, Revenue, Tickets_Sold, RevenueTypes_ID) VALUES (TO_DATE('2023-01-25', 'YYYY-MM-DD'), FLOOR(dbms_random.value(1, 100000)) + 1, FLOOR(dbms_random.value(1, 1000)) + 1, 'RT102');
--INSERT INTO REVENUE_EVENTS (Date_Time, Revenue, Tickets_Sold, RevenueTypes_ID) VALUES (TO_DATE('2023-01-25', 'YYYY-MM-DD'), FLOOR(dbms_random.value(1, 100000)) + 1, FLOOR(dbms_random.value(1, 1000)) + 1, 'RT103');
--INSERT INTO REVENUE_EVENTS (Date_Time, Revenue, Tickets_Sold, RevenueTypes_ID) VALUES (TO_DATE('2023-01-25', 'YYYY-MM-DD'), FLOOR(dbms_random.value(1, 100000)) + 1, FLOOR(dbms_random.value(1, 1000)) + 1, 'RT104');
--INSERT INTO REVENUE_EVENTS (Date_Time, Revenue, Tickets_Sold, RevenueTypes_ID) VALUES (TO_DATE('2023-01-25', 'YYYY-MM-DD'), FLOOR(dbms_random.value(1, 100000)) + 1, FLOOR(dbms_random.value(1, 1000)) + 1, 'RT105');
--INSERT INTO REVENUE_EVENTS (Date_Time, Revenue, Tickets_Sold, RevenueTypes_ID) VALUES (TO_DATE('2023-01-25', 'YYYY-MM-DD'), FLOOR(dbms_random.value(1, 100000)) + 1, FLOOR(dbms_random.value(1, 1000)) + 1, 'RT106');
--INSERT INTO REVENUE_EVENTS (Date_Time, Revenue, Tickets_Sold, RevenueTypes_ID) VALUES (TO_DATE('2023-01-25', 'YYYY-MM-DD'), FLOOR(dbms_random.value(1, 100000)) + 1, FLOOR(dbms_random.value(1, 1000)) + 1, 'RT107');
--INSERT INTO REVENUE_EVENTS (Date_Time, Revenue, Tickets_Sold, RevenueTypes_ID) VALUES (TO_DATE('2023-01-25', 'YYYY-MM-DD'), FLOOR(dbms_random.value(1, 100000)) + 1, FLOOR(dbms_random.value(1, 1000)) + 1, 'RT108');
--INSERT INTO REVENUE_EVENTS (Date_Time, Revenue, Tickets_Sold, RevenueTypes_ID) VALUES (TO_DATE('2023-01-25', 'YYYY-MM-DD'), FLOOR(dbms_random.value(1, 100000)) + 1, FLOOR(dbms_random.value(1, 1000)) + 1, 'RT109');
--INSERT INTO REVENUE_EVENTS (Date_Time, Revenue, Tickets_Sold, RevenueTypes_ID) VALUES (TO_DATE('2023-01-25', 'YYYY-MM-DD'), FLOOR(dbms_random.value(1, 100000)) + 1, FLOOR(dbms_random.value(1, 1000)) + 1, 'RT110');
--INSERT INTO REVENUE_EVENTS (Date_Time, Revenue, Tickets_Sold, RevenueTypes_ID) VALUES (TO_DATE('2023-01-25', 'YYYY-MM-DD'), FLOOR(dbms_random.value(1, 100000)) + 1, FLOOR(dbms_random.value(1, 1000)) + 1, 'RT111');
--INSERT INTO REVENUE_EVENTS (Date_Time, Revenue, Tickets_Sold, RevenueTypes_ID) VALUES (TO_DATE('2023-01-25', 'YYYY-MM-DD'), FLOOR(dbms_random.value(1, 100000)) + 1, FLOOR(dbms_random.value(1, 1000)) + 1, 'RT112');
--INSERT INTO REVENUE_EVENTS (Date_Time, Revenue, Tickets_Sold, RevenueTypes_ID) VALUES (TO_DATE('2023-01-26', 'YYYY-MM-DD'), FLOOR(dbms_random.value(100000, 1000000)) + 1, FLOOR(dbms_random.value(1000, 10000)) + 1, 'RT101');
--INSERT INTO REVENUE_EVENTS (Date_Time, Revenue, Tickets_Sold, RevenueTypes_ID) VALUES (TO_DATE('2023-01-26', 'YYYY-MM-DD'), FLOOR(dbms_random.value(1, 100000)) + 1, FLOOR(dbms_random.value(1, 1000)) + 1, 'RT102');
--INSERT INTO REVENUE_EVENTS (Date_Time, Revenue, Tickets_Sold, RevenueTypes_ID) VALUES (TO_DATE('2023-01-26', 'YYYY-MM-DD'), FLOOR(dbms_random.value(1, 100000)) + 1, FLOOR(dbms_random.value(1, 1000)) + 1, 'RT103');
--INSERT INTO REVENUE_EVENTS (Date_Time, Revenue, Tickets_Sold, RevenueTypes_ID) VALUES (TO_DATE('2023-01-26', 'YYYY-MM-DD'), FLOOR(dbms_random.value(1, 100000)) + 1, FLOOR(dbms_random.value(1, 1000)) + 1, 'RT104');
--INSERT INTO REVENUE_EVENTS (Date_Time, Revenue, Tickets_Sold, RevenueTypes_ID) VALUES (TO_DATE('2023-01-26', 'YYYY-MM-DD'), FLOOR(dbms_random.value(1, 100000)) + 1, FLOOR(dbms_random.value(1, 1000)) + 1, 'RT105');
--INSERT INTO REVENUE_EVENTS (Date_Time, Revenue, Tickets_Sold, RevenueTypes_ID) VALUES (TO_DATE('2023-01-26', 'YYYY-MM-DD'), FLOOR(dbms_random.value(1, 100000)) + 1, FLOOR(dbms_random.value(1, 1000)) + 1, 'RT106');
--INSERT INTO REVENUE_EVENTS (Date_Time, Revenue, Tickets_Sold, RevenueTypes_ID) VALUES (TO_DATE('2023-01-26', 'YYYY-MM-DD'), FLOOR(dbms_random.value(1, 100000)) + 1, FLOOR(dbms_random.value(1, 1000)) + 1, 'RT107');
--INSERT INTO REVENUE_EVENTS (Date_Time, Revenue, Tickets_Sold, RevenueTypes_ID) VALUES (TO_DATE('2023-01-26', 'YYYY-MM-DD'), FLOOR(dbms_random.value(1, 100000)) + 1, FLOOR(dbms_random.value(1, 1000)) + 1, 'RT108');
--INSERT INTO REVENUE_EVENTS (Date_Time, Revenue, Tickets_Sold, RevenueTypes_ID) VALUES (TO_DATE('2023-01-26', 'YYYY-MM-DD'), FLOOR(dbms_random.value(1, 100000)) + 1, FLOOR(dbms_random.value(1, 1000)) + 1, 'RT109');
--INSERT INTO REVENUE_EVENTS (Date_Time, Revenue, Tickets_Sold, RevenueTypes_ID) VALUES (TO_DATE('2023-01-26', 'YYYY-MM-DD'), FLOOR(dbms_random.value(1, 100000)) + 1, FLOOR(dbms_random.value(1, 1000)) + 1, 'RT110');
--INSERT INTO REVENUE_EVENTS (Date_Time, Revenue, Tickets_Sold, RevenueTypes_ID) VALUES (TO_DATE('2023-01-26', 'YYYY-MM-DD'), FLOOR(dbms_random.value(1, 100000)) + 1, FLOOR(dbms_random.value(1, 1000)) + 1, 'RT111');
--INSERT INTO REVENUE_EVENTS (Date_Time, Revenue, Tickets_Sold, RevenueTypes_ID) VALUES (TO_DATE('2023-01-26', 'YYYY-MM-DD'), FLOOR(dbms_random.value(1, 100000)) + 1, FLOOR(dbms_random.value(1, 1000)) + 1, 'RT112');
--INSERT INTO REVENUE_EVENTS (Date_Time, Revenue, Tickets_Sold, RevenueTypes_ID) VALUES (TO_DATE('2023-01-27', 'YYYY-MM-DD'), FLOOR(dbms_random.value(100000, 1000000)) + 1, FLOOR(dbms_random.value(1000, 10000)) + 1, 'RT101');
--INSERT INTO REVENUE_EVENTS (Date_Time, Revenue, Tickets_Sold, RevenueTypes_ID) VALUES (TO_DATE('2023-01-27', 'YYYY-MM-DD'), FLOOR(dbms_random.value(1, 100000)) + 1, FLOOR(dbms_random.value(1, 1000)) + 1, 'RT102');
--INSERT INTO REVENUE_EVENTS (Date_Time, Revenue, Tickets_Sold, RevenueTypes_ID) VALUES (TO_DATE('2023-01-27', 'YYYY-MM-DD'), FLOOR(dbms_random.value(1, 100000)) + 1, FLOOR(dbms_random.value(1, 1000)) + 1, 'RT103');
--INSERT INTO REVENUE_EVENTS (Date_Time, Revenue, Tickets_Sold, RevenueTypes_ID) VALUES (TO_DATE('2023-01-27', 'YYYY-MM-DD'), FLOOR(dbms_random.value(1, 100000)) + 1, FLOOR(dbms_random.value(1, 1000)) + 1, 'RT104');
--INSERT INTO REVENUE_EVENTS (Date_Time, Revenue, Tickets_Sold, RevenueTypes_ID) VALUES (TO_DATE('2023-01-27', 'YYYY-MM-DD'), FLOOR(dbms_random.value(1, 100000)) + 1, FLOOR(dbms_random.value(1, 1000)) + 1, 'RT105');
--INSERT INTO REVENUE_EVENTS (Date_Time, Revenue, Tickets_Sold, RevenueTypes_ID) VALUES (TO_DATE('2023-01-27', 'YYYY-MM-DD'), FLOOR(dbms_random.value(1, 100000)) + 1, FLOOR(dbms_random.value(1, 1000)) + 1, 'RT106');
--INSERT INTO REVENUE_EVENTS (Date_Time, Revenue, Tickets_Sold, RevenueTypes_ID) VALUES (TO_DATE('2023-01-27', 'YYYY-MM-DD'), FLOOR(dbms_random.value(1, 100000)) + 1, FLOOR(dbms_random.value(1, 1000)) + 1, 'RT107');
--INSERT INTO REVENUE_EVENTS (Date_Time, Revenue, Tickets_Sold, RevenueTypes_ID) VALUES (TO_DATE('2023-01-27', 'YYYY-MM-DD'), FLOOR(dbms_random.value(1, 100000)) + 1, FLOOR(dbms_random.value(1, 1000)) + 1, 'RT108');
--INSERT INTO REVENUE_EVENTS (Date_Time, Revenue, Tickets_Sold, RevenueTypes_ID) VALUES (TO_DATE('2023-01-27', 'YYYY-MM-DD'), FLOOR(dbms_random.value(1, 100000)) + 1, FLOOR(dbms_random.value(1, 1000)) + 1, 'RT109');
--INSERT INTO REVENUE_EVENTS (Date_Time, Revenue, Tickets_Sold, RevenueTypes_ID) VALUES (TO_DATE('2023-01-27', 'YYYY-MM-DD'), FLOOR(dbms_random.value(1, 100000)) + 1, FLOOR(dbms_random.value(1, 1000)) + 1, 'RT110');
--INSERT INTO REVENUE_EVENTS (Date_Time, Revenue, Tickets_Sold, RevenueTypes_ID) VALUES (TO_DATE('2023-01-27', 'YYYY-MM-DD'), FLOOR(dbms_random.value(1, 100000)) + 1, FLOOR(dbms_random.value(1, 1000)) + 1, 'RT111');
--INSERT INTO REVENUE_EVENTS (Date_Time, Revenue, Tickets_Sold, RevenueTypes_ID) VALUES (TO_DATE('2023-01-27', 'YYYY-MM-DD'), FLOOR(dbms_random.value(1, 100000)) + 1, FLOOR(dbms_random.value(1, 1000)) + 1, 'RT112');
--INSERT INTO REVENUE_EVENTS (Date_Time, Revenue, Tickets_Sold, RevenueTypes_ID) VALUES (TO_DATE('2023-01-28', 'YYYY-MM-DD'), FLOOR(dbms_random.value(100000, 1000000)) + 1, FLOOR(dbms_random.value(1000, 10000)) + 1, 'RT101');
--INSERT INTO REVENUE_EVENTS (Date_Time, Revenue, Tickets_Sold, RevenueTypes_ID) VALUES (TO_DATE('2023-01-28', 'YYYY-MM-DD'), FLOOR(dbms_random.value(1, 100000)) + 1, FLOOR(dbms_random.value(1, 1000)) + 1, 'RT102');
--INSERT INTO REVENUE_EVENTS (Date_Time, Revenue, Tickets_Sold, RevenueTypes_ID) VALUES (TO_DATE('2023-01-28', 'YYYY-MM-DD'), FLOOR(dbms_random.value(1, 100000)) + 1, FLOOR(dbms_random.value(1, 1000)) + 1, 'RT103');
--INSERT INTO REVENUE_EVENTS (Date_Time, Revenue, Tickets_Sold, RevenueTypes_ID) VALUES (TO_DATE('2023-01-28', 'YYYY-MM-DD'), FLOOR(dbms_random.value(1, 100000)) + 1, FLOOR(dbms_random.value(1, 1000)) + 1, 'RT104');
--INSERT INTO REVENUE_EVENTS (Date_Time, Revenue, Tickets_Sold, RevenueTypes_ID) VALUES (TO_DATE('2023-01-28', 'YYYY-MM-DD'), FLOOR(dbms_random.value(1, 100000)) + 1, FLOOR(dbms_random.value(1, 1000)) + 1, 'RT105');
--INSERT INTO REVENUE_EVENTS (Date_Time, Revenue, Tickets_Sold, RevenueTypes_ID) VALUES (TO_DATE('2023-01-28', 'YYYY-MM-DD'), FLOOR(dbms_random.value(1, 100000)) + 1, FLOOR(dbms_random.value(1, 1000)) + 1, 'RT106');
--INSERT INTO REVENUE_EVENTS (Date_Time, Revenue, Tickets_Sold, RevenueTypes_ID) VALUES (TO_DATE('2023-01-28', 'YYYY-MM-DD'), FLOOR(dbms_random.value(1, 100000)) + 1, FLOOR(dbms_random.value(1, 1000)) + 1, 'RT107');
--INSERT INTO REVENUE_EVENTS (Date_Time, Revenue, Tickets_Sold, RevenueTypes_ID) VALUES (TO_DATE('2023-01-28', 'YYYY-MM-DD'), FLOOR(dbms_random.value(1, 100000)) + 1, FLOOR(dbms_random.value(1, 1000)) + 1, 'RT108');
--INSERT INTO REVENUE_EVENTS (Date_Time, Revenue, Tickets_Sold, RevenueTypes_ID) VALUES (TO_DATE('2023-01-28', 'YYYY-MM-DD'), FLOOR(dbms_random.value(1, 100000)) + 1, FLOOR(dbms_random.value(1, 1000)) + 1, 'RT109');
--INSERT INTO REVENUE_EVENTS (Date_Time, Revenue, Tickets_Sold, RevenueTypes_ID) VALUES (TO_DATE('2023-01-28', 'YYYY-MM-DD'), FLOOR(dbms_random.value(1, 100000)) + 1, FLOOR(dbms_random.value(1, 1000)) + 1, 'RT110');
--INSERT INTO REVENUE_EVENTS (Date_Time, Revenue, Tickets_Sold, RevenueTypes_ID) VALUES (TO_DATE('2023-01-28', 'YYYY-MM-DD'), FLOOR(dbms_random.value(1, 100000)) + 1, FLOOR(dbms_random.value(1, 1000)) + 1, 'RT111');
--INSERT INTO REVENUE_EVENTS (Date_Time, Revenue, Tickets_Sold, RevenueTypes_ID) VALUES (TO_DATE('2023-01-28', 'YYYY-MM-DD'), FLOOR(dbms_random.value(1, 100000)) + 1, FLOOR(dbms_random.value(1, 1000)) + 1, 'RT112');
--INSERT INTO REVENUE_EVENTS (Date_Time, Revenue, Tickets_Sold, RevenueTypes_ID) VALUES (TO_DATE('2023-01-29', 'YYYY-MM-DD'), FLOOR(dbms_random.value(100000, 1000000)) + 1, FLOOR(dbms_random.value(1000, 10000)) + 1, 'RT101');
--INSERT INTO REVENUE_EVENTS (Date_Time, Revenue, Tickets_Sold, RevenueTypes_ID) VALUES (TO_DATE('2023-01-29', 'YYYY-MM-DD'), FLOOR(dbms_random.value(1, 100000)) + 1, FLOOR(dbms_random.value(1, 1000)) + 1, 'RT102');
--INSERT INTO REVENUE_EVENTS (Date_Time, Revenue, Tickets_Sold, RevenueTypes_ID) VALUES (TO_DATE('2023-01-29', 'YYYY-MM-DD'), FLOOR(dbms_random.value(1, 100000)) + 1, FLOOR(dbms_random.value(1, 1000)) + 1, 'RT103');
--INSERT INTO REVENUE_EVENTS (Date_Time, Revenue, Tickets_Sold, RevenueTypes_ID) VALUES (TO_DATE('2023-01-29', 'YYYY-MM-DD'), FLOOR(dbms_random.value(1, 100000)) + 1, FLOOR(dbms_random.value(1, 1000)) + 1, 'RT104');
--INSERT INTO REVENUE_EVENTS (Date_Time, Revenue, Tickets_Sold, RevenueTypes_ID) VALUES (TO_DATE('2023-01-29', 'YYYY-MM-DD'), FLOOR(dbms_random.value(1, 100000)) + 1, FLOOR(dbms_random.value(1, 1000)) + 1, 'RT105');
--INSERT INTO REVENUE_EVENTS (Date_Time, Revenue, Tickets_Sold, RevenueTypes_ID) VALUES (TO_DATE('2023-01-29', 'YYYY-MM-DD'), FLOOR(dbms_random.value(1, 100000)) + 1, FLOOR(dbms_random.value(1, 1000)) + 1, 'RT106');
--INSERT INTO REVENUE_EVENTS (Date_Time, Revenue, Tickets_Sold, RevenueTypes_ID) VALUES (TO_DATE('2023-01-29', 'YYYY-MM-DD'), FLOOR(dbms_random.value(1, 100000)) + 1, FLOOR(dbms_random.value(1, 1000)) + 1, 'RT107');
--INSERT INTO REVENUE_EVENTS (Date_Time, Revenue, Tickets_Sold, RevenueTypes_ID) VALUES (TO_DATE('2023-01-29', 'YYYY-MM-DD'), FLOOR(dbms_random.value(1, 100000)) + 1, FLOOR(dbms_random.value(1, 1000)) + 1, 'RT108');
--INSERT INTO REVENUE_EVENTS (Date_Time, Revenue, Tickets_Sold, RevenueTypes_ID) VALUES (TO_DATE('2023-01-29', 'YYYY-MM-DD'), FLOOR(dbms_random.value(1, 100000)) + 1, FLOOR(dbms_random.value(1, 1000)) + 1, 'RT109');
--INSERT INTO REVENUE_EVENTS (Date_Time, Revenue, Tickets_Sold, RevenueTypes_ID) VALUES (TO_DATE('2023-01-29', 'YYYY-MM-DD'), FLOOR(dbms_random.value(1, 100000)) + 1, FLOOR(dbms_random.value(1, 1000)) + 1, 'RT110');
--INSERT INTO REVENUE_EVENTS (Date_Time, Revenue, Tickets_Sold, RevenueTypes_ID) VALUES (TO_DATE('2023-01-29', 'YYYY-MM-DD'), FLOOR(dbms_random.value(1, 100000)) + 1, FLOOR(dbms_random.value(1, 1000)) + 1, 'RT111');
--INSERT INTO REVENUE_EVENTS (Date_Time, Revenue, Tickets_Sold, RevenueTypes_ID) VALUES (TO_DATE('2023-01-29', 'YYYY-MM-DD'), FLOOR(dbms_random.value(1, 100000)) + 1, FLOOR(dbms_random.value(1, 1000)) + 1, 'RT112');
--INSERT INTO REVENUE_EVENTS (Date_Time, Revenue, Tickets_Sold, RevenueTypes_ID) VALUES (TO_DATE('2023-01-30', 'YYYY-MM-DD'), FLOOR(dbms_random.value(100000, 1000000)) + 1, FLOOR(dbms_random.value(1000, 10000)) + 1, 'RT101');
--INSERT INTO REVENUE_EVENTS (Date_Time, Revenue, Tickets_Sold, RevenueTypes_ID) VALUES (TO_DATE('2023-01-30', 'YYYY-MM-DD'), FLOOR(dbms_random.value(1, 100000)) + 1, FLOOR(dbms_random.value(1, 1000)) + 1, 'RT102');
--INSERT INTO REVENUE_EVENTS (Date_Time, Revenue, Tickets_Sold, RevenueTypes_ID) VALUES (TO_DATE('2023-01-30', 'YYYY-MM-DD'), FLOOR(dbms_random.value(1, 100000)) + 1, FLOOR(dbms_random.value(1, 1000)) + 1, 'RT103');
--INSERT INTO REVENUE_EVENTS (Date_Time, Revenue, Tickets_Sold, RevenueTypes_ID) VALUES (TO_DATE('2023-01-30', 'YYYY-MM-DD'), FLOOR(dbms_random.value(1, 100000)) + 1, FLOOR(dbms_random.value(1, 1000)) + 1, 'RT104');
--INSERT INTO REVENUE_EVENTS (Date_Time, Revenue, Tickets_Sold, RevenueTypes_ID) VALUES (TO_DATE('2023-01-30', 'YYYY-MM-DD'), FLOOR(dbms_random.value(1, 100000)) + 1, FLOOR(dbms_random.value(1, 1000)) + 1, 'RT105');
--INSERT INTO REVENUE_EVENTS (Date_Time, Revenue, Tickets_Sold, RevenueTypes_ID) VALUES (TO_DATE('2023-01-30', 'YYYY-MM-DD'), FLOOR(dbms_random.value(1, 100000)) + 1, FLOOR(dbms_random.value(1, 1000)) + 1, 'RT106');
--INSERT INTO REVENUE_EVENTS (Date_Time, Revenue, Tickets_Sold, RevenueTypes_ID) VALUES (TO_DATE('2023-01-30', 'YYYY-MM-DD'), FLOOR(dbms_random.value(1, 100000)) + 1, FLOOR(dbms_random.value(1, 1000)) + 1, 'RT107');
--INSERT INTO REVENUE_EVENTS (Date_Time, Revenue, Tickets_Sold, RevenueTypes_ID) VALUES (TO_DATE('2023-01-30', 'YYYY-MM-DD'), FLOOR(dbms_random.value(1, 100000)) + 1, FLOOR(dbms_random.value(1, 1000)) + 1, 'RT108');
--INSERT INTO REVENUE_EVENTS (Date_Time, Revenue, Tickets_Sold, RevenueTypes_ID) VALUES (TO_DATE('2023-01-30', 'YYYY-MM-DD'), FLOOR(dbms_random.value(1, 100000)) + 1, FLOOR(dbms_random.value(1, 1000)) + 1, 'RT109');
--INSERT INTO REVENUE_EVENTS (Date_Time, Revenue, Tickets_Sold, RevenueTypes_ID) VALUES (TO_DATE('2023-01-30', 'YYYY-MM-DD'), FLOOR(dbms_random.value(1, 100000)) + 1, FLOOR(dbms_random.value(1, 1000)) + 1, 'RT110');
--INSERT INTO REVENUE_EVENTS (Date_Time, Revenue, Tickets_Sold, RevenueTypes_ID) VALUES (TO_DATE('2023-01-30', 'YYYY-MM-DD'), FLOOR(dbms_random.value(1, 100000)) + 1, FLOOR(dbms_random.value(1, 1000)) + 1, 'RT111');
--INSERT INTO REVENUE_EVENTS (Date_Time, Revenue, Tickets_Sold, RevenueTypes_ID) VALUES (TO_DATE('2023-01-30', 'YYYY-MM-DD'), FLOOR(dbms_random.value(1, 100000)) + 1, FLOOR(dbms_random.value(1, 1000)) + 1, 'RT112');
--INSERT INTO REVENUE_EVENTS (Date_Time, Revenue, Tickets_Sold, RevenueTypes_ID) VALUES (TO_DATE('2023-01-31', 'YYYY-MM-DD'), FLOOR(dbms_random.value(100000, 1000000)) + 1, FLOOR(dbms_random.value(1000, 10000)) + 1, 'RT101');
--INSERT INTO REVENUE_EVENTS (Date_Time, Revenue, Tickets_Sold, RevenueTypes_ID) VALUES (TO_DATE('2023-01-31', 'YYYY-MM-DD'), FLOOR(dbms_random.value(1, 100000)) + 1, FLOOR(dbms_random.value(1, 1000)) + 1, 'RT102');
--INSERT INTO REVENUE_EVENTS (Date_Time, Revenue, Tickets_Sold, RevenueTypes_ID) VALUES (TO_DATE('2023-01-31', 'YYYY-MM-DD'), FLOOR(dbms_random.value(1, 100000)) + 1, FLOOR(dbms_random.value(1, 1000)) + 1, 'RT103');
--INSERT INTO REVENUE_EVENTS (Date_Time, Revenue, Tickets_Sold, RevenueTypes_ID) VALUES (TO_DATE('2023-01-31', 'YYYY-MM-DD'), FLOOR(dbms_random.value(1, 100000)) + 1, FLOOR(dbms_random.value(1, 1000)) + 1, 'RT104');
--INSERT INTO REVENUE_EVENTS (Date_Time, Revenue, Tickets_Sold, RevenueTypes_ID) VALUES (TO_DATE('2023-01-31', 'YYYY-MM-DD'), FLOOR(dbms_random.value(1, 100000)) + 1, FLOOR(dbms_random.value(1, 1000)) + 1, 'RT105');
--INSERT INTO REVENUE_EVENTS (Date_Time, Revenue, Tickets_Sold, RevenueTypes_ID) VALUES (TO_DATE('2023-01-31', 'YYYY-MM-DD'), FLOOR(dbms_random.value(1, 100000)) + 1, FLOOR(dbms_random.value(1, 1000)) + 1, 'RT106');
--INSERT INTO REVENUE_EVENTS (Date_Time, Revenue, Tickets_Sold, RevenueTypes_ID) VALUES (TO_DATE('2023-01-31', 'YYYY-MM-DD'), FLOOR(dbms_random.value(1, 100000)) + 1, FLOOR(dbms_random.value(1, 1000)) + 1, 'RT107');
--INSERT INTO REVENUE_EVENTS (Date_Time, Revenue, Tickets_Sold, RevenueTypes_ID) VALUES (TO_DATE('2023-01-31', 'YYYY-MM-DD'), FLOOR(dbms_random.value(1, 100000)) + 1, FLOOR(dbms_random.value(1, 1000)) + 1, 'RT108');
--INSERT INTO REVENUE_EVENTS (Date_Time, Revenue, Tickets_Sold, RevenueTypes_ID) VALUES (TO_DATE('2023-01-31', 'YYYY-MM-DD'), FLOOR(dbms_random.value(1, 100000)) + 1, FLOOR(dbms_random.value(1, 1000)) + 1, 'RT109');
--INSERT INTO REVENUE_EVENTS (Date_Time, Revenue, Tickets_Sold, RevenueTypes_ID) VALUES (TO_DATE('2023-01-31', 'YYYY-MM-DD'), FLOOR(dbms_random.value(1, 100000)) + 1, FLOOR(dbms_random.value(1, 1000)) + 1, 'RT110');
--INSERT INTO REVENUE_EVENTS (Date_Time, Revenue, Tickets_Sold, RevenueTypes_ID) VALUES (TO_DATE('2023-01-31', 'YYYY-MM-DD'), FLOOR(dbms_random.value(1, 100000)) + 1, FLOOR(dbms_random.value(1, 1000)) + 1, 'RT111');
--INSERT INTO REVENUE_EVENTS (Date_Time, Revenue, Tickets_Sold, RevenueTypes_ID) VALUES (TO_DATE('2023-01-31', 'YYYY-MM-DD'), FLOOR(dbms_random.value(1, 100000)) + 1, FLOOR(dbms_random.value(1, 1000)) + 1, 'RT112');


--INSERT INTO ZOO_ADMISSION (Child_Price, Adult_Price, Senior_Price, RevenueTypes_ID) VALUES (20, 30, 25, 'RT101');
--INSERT INTO ZOO_ADMISSION (Child_Price, Adult_Price, Senior_Price, RevenueTypes_ID) VALUES (7, 10, 8, 'RT102');
--INSERT INTO ZOO_ADMISSION (Child_Price, Adult_Price, Senior_Price, RevenueTypes_ID) VALUES (7, 10, 8, 'RT103');
--INSERT INTO ZOO_ADMISSION (Child_Price, Adult_Price, Senior_Price, RevenueTypes_ID) VALUES (7, 10, 8, 'RT104');
--INSERT INTO ZOO_ADMISSION (Child_Price, Adult_Price, Senior_Price, RevenueTypes_ID) VALUES (7, 10, 8, 'RT105');
--INSERT INTO ZOO_ADMISSION (Child_Price, Adult_Price, Senior_Price, RevenueTypes_ID) VALUES (7, 10, 8, 'RT106');
--INSERT INTO ZOO_ADMISSION (Child_Price, Adult_Price, Senior_Price, RevenueTypes_ID) VALUES (4, 10, 4, 'RT107');
--INSERT INTO ZOO_ADMISSION (Child_Price, Adult_Price, Senior_Price, RevenueTypes_ID) VALUES (4, 10, 4, 'RT108');
--INSERT INTO ZOO_ADMISSION (Child_Price, Adult_Price, Senior_Price, RevenueTypes_ID) VALUES (4, 10, 4, 'RT111');

--INSERT INTO CONCESSION (Product, RevenueTypes_ID) VALUES (15, 'RT109');
--INSERT INTO CONCESSION (Product, RevenueTypes_ID) VALUES (15, 'RT110');

--INSERT INTO CARES_FOR (Emp_ID, Spc_ID) VALUES (890456132, 'S001');
--INSERT INTO CARES_FOR (Emp_ID, Spc_ID) VALUES (890456132, 'S002');
--INSERT INTO CARES_FOR (Emp_ID, Spc_ID) VALUES (890456132, 'S003');
--INSERT INTO CARES_FOR (Emp_ID, Spc_ID) VALUES (890456132, 'S004');
--INSERT INTO CARES_FOR (Emp_ID, Spc_ID) VALUES (890456132, 'S005');
--INSERT INTO CARES_FOR (Emp_ID, Spc_ID) VALUES (890456132, 'S006');
--INSERT INTO CARES_FOR (Emp_ID, Spc_ID) VALUES (890456132, 'S007');
--INSERT INTO CARES_FOR (Emp_ID, Spc_ID) VALUES (890456132, 'S008');
--INSERT INTO CARES_FOR (Emp_ID, Spc_ID) VALUES (890456132, 'S009');
--INSERT INTO CARES_FOR (Emp_ID, Spc_ID) VALUES (890456132, 'S010');
--INSERT INTO CARES_FOR (Emp_ID, Spc_ID) VALUES (890456132, 'S011');
--INSERT INTO CARES_FOR (Emp_ID, Spc_ID) VALUES (890456132, 'S012');
--INSERT INTO CARES_FOR (Emp_ID, Spc_ID) VALUES (890456132, 'S013');
--INSERT INTO CARES_FOR (Emp_ID, Spc_ID) VALUES (890456132, 'S014');
--INSERT INTO CARES_FOR (Emp_ID, Spc_ID) VALUES (890456132, 'S015');
--INSERT INTO CARES_FOR (Emp_ID, Spc_ID) VALUES (890456132, 'S016');
--INSERT INTO CARES_FOR (Emp_ID, Spc_ID) VALUES (890456132, 'S017');
--INSERT INTO CARES_FOR (Emp_ID, Spc_ID) VALUES (890456132, 'S018');
--INSERT INTO CARES_FOR (Emp_ID, Spc_ID) VALUES (890456132, 'S019');
--INSERT INTO CARES_FOR (Emp_ID, Spc_ID) VALUES (890456132, 'S020');
-- INSERT INTO CARES_FOR (Emp_ID, Spc_ID) VALUES (109876543, 'S021');
-- INSERT INTO CARES_FOR (Emp_ID, Spc_ID) VALUES (109876543, 'S022');
-- INSERT INTO CARES_FOR (Emp_ID, Spc_ID) VALUES (109876543, 'S023');
-- INSERT INTO CARES_FOR (Emp_ID, Spc_ID) VALUES (109876543, 'S024');
-- INSERT INTO CARES_FOR (Emp_ID, Spc_ID) VALUES (109876543, 'S025');
-- INSERT INTO CARES_FOR (Emp_ID, Spc_ID) VALUES (109876543, 'S026');
-- INSERT INTO CARES_FOR (Emp_ID, Spc_ID) VALUES (109876543, 'S027');
-- INSERT INTO CARES_FOR (Emp_ID, Spc_ID) VALUES (109876543, 'S028');
-- INSERT INTO CARES_FOR (Emp_ID, Spc_ID) VALUES (109876543, 'S029');
-- INSERT INTO CARES_FOR (Emp_ID, Spc_ID) VALUES (109876543, 'S030');
-- INSERT INTO CARES_FOR (Emp_ID, Spc_ID) VALUES (109876543, 'S031');
-- INSERT INTO CARES_FOR (Emp_ID, Spc_ID) VALUES (109876543, 'S032');
-- INSERT INTO CARES_FOR (Emp_ID, Spc_ID) VALUES (109876543, 'S033');
-- INSERT INTO CARES_FOR (Emp_ID, Spc_ID) VALUES (109876543, 'S034');
-- INSERT INTO CARES_FOR (Emp_ID, Spc_ID) VALUES (109876543, 'S035');
-- INSERT INTO CARES_FOR (Emp_ID, Spc_ID) VALUES (109876543, 'S036');
-- INSERT INTO CARES_FOR (Emp_ID, Spc_ID) VALUES (109876543, 'S037');
-- INSERT INTO CARES_FOR (Emp_ID, Spc_ID) VALUES (109876543, 'S038');
-- INSERT INTO CARES_FOR (Emp_ID, Spc_ID) VALUES (109876543, 'S039');
-- INSERT INTO CARES_FOR (Emp_ID, Spc_ID) VALUES (109876543, 'S040');
--INSERT INTO CARES_FOR (Emp_ID, Spc_ID) VALUES (543210987, 'S041');
--INSERT INTO CARES_FOR (Emp_ID, Spc_ID) VALUES (543210987, 'S042');
--INSERT INTO CARES_FOR (Emp_ID, Spc_ID) VALUES (543210987, 'S043');
--INSERT INTO CARES_FOR (Emp_ID, Spc_ID) VALUES (543210987, 'S044');
--INSERT INTO CARES_FOR (Emp_ID, Spc_ID) VALUES (543210987, 'S045');
--INSERT INTO CARES_FOR (Emp_ID, Spc_ID) VALUES (543210987, 'S046');
--INSERT INTO CARES_FOR (Emp_ID, Spc_ID) VALUES (543210987, 'S047');
--INSERT INTO CARES_FOR (Emp_ID, Spc_ID) VALUES (543210987, 'S048');
--INSERT INTO CARES_FOR (Emp_ID, Spc_ID) VALUES (543210987, 'S049');
--INSERT INTO CARES_FOR (Emp_ID, Spc_ID) VALUES (543210987, 'S050');
--INSERT INTO CARES_FOR (Emp_ID, Spc_ID) VALUES (543210987, 'S051');
--INSERT INTO CARES_FOR (Emp_ID, Spc_ID) VALUES (543210987, 'S052');
--INSERT INTO CARES_FOR (Emp_ID, Spc_ID) VALUES (543210987, 'S053');
--INSERT INTO CARES_FOR (Emp_ID, Spc_ID) VALUES (543210987, 'S054');
--INSERT INTO CARES_FOR (Emp_ID, Spc_ID) VALUES (543210987, 'S055');
--INSERT INTO CARES_FOR (Emp_ID, Spc_ID) VALUES (543210987, 'S056');
--INSERT INTO CARES_FOR (Emp_ID, Spc_ID) VALUES (543210987, 'S057');
--INSERT INTO CARES_FOR (Emp_ID, Spc_ID) VALUES (543210987, 'S058');
--INSERT INTO CARES_FOR (Emp_ID, Spc_ID) VALUES (543210987, 'S059');
--INSERT INTO CARES_FOR (Emp_ID, Spc_ID) VALUES (543210987, 'S060');
--INSERT INTO CARES_FOR (Emp_ID, Spc_ID) VALUES (876543219, 'S061');
--INSERT INTO CARES_FOR (Emp_ID, Spc_ID) VALUES (876543219, 'S062');
--INSERT INTO CARES_FOR (Emp_ID, Spc_ID) VALUES (876543219, 'S063');
--INSERT INTO CARES_FOR (Emp_ID, Spc_ID) VALUES (876543219, 'S064');
--INSERT INTO CARES_FOR (Emp_ID, Spc_ID) VALUES (876543219, 'S065');
--INSERT INTO CARES_FOR (Emp_ID, Spc_ID) VALUES (876543219, 'S066');
--INSERT INTO CARES_FOR (Emp_ID, Spc_ID) VALUES (876543219, 'S067');
--INSERT INTO CARES_FOR (Emp_ID, Spc_ID) VALUES (876543219, 'S068');
--INSERT INTO CARES_FOR (Emp_ID, Spc_ID) VALUES (876543219, 'S069');
--INSERT INTO CARES_FOR (Emp_ID, Spc_ID) VALUES (876543219, 'S070');
--INSERT INTO CARES_FOR (Emp_ID, Spc_ID) VALUES (876543219, 'S071');
--INSERT INTO CARES_FOR (Emp_ID, Spc_ID) VALUES (876543219, 'S072');
--INSERT INTO CARES_FOR (Emp_ID, Spc_ID) VALUES (876543219, 'S073');
--INSERT INTO CARES_FOR (Emp_ID, Spc_ID) VALUES (876543219, 'S074');
--INSERT INTO CARES_FOR (Emp_ID, Spc_ID) VALUES (876543219, 'S075');
--INSERT INTO CARES_FOR (Emp_ID, Spc_ID) VALUES (876543219, 'S076');
--INSERT INTO CARES_FOR (Emp_ID, Spc_ID) VALUES (876543219, 'S077');
--INSERT INTO CARES_FOR (Emp_ID, Spc_ID) VALUES (876543219, 'S078');
--INSERT INTO CARES_FOR (Emp_ID, Spc_ID) VALUES (876543219, 'S079');
--INSERT INTO CARES_FOR (Emp_ID, Spc_ID) VALUES (876543219, 'S080');
--INSERT INTO CARES_FOR (Emp_ID, Spc_ID) VALUES (234567890, 'S081');
--INSERT INTO CARES_FOR (Emp_ID, Spc_ID) VALUES (234567890, 'S082');
--INSERT INTO CARES_FOR (Emp_ID, Spc_ID) VALUES (234567890, 'S083');
--INSERT INTO CARES_FOR (Emp_ID, Spc_ID) VALUES (234567890, 'S084');
--INSERT INTO CARES_FOR (Emp_ID, Spc_ID) VALUES (234567890, 'S085');
--INSERT INTO CARES_FOR (Emp_ID, Spc_ID) VALUES (234567890, 'S086');
--INSERT INTO CARES_FOR (Emp_ID, Spc_ID) VALUES (234567890, 'S087');
--INSERT INTO CARES_FOR (Emp_ID, Spc_ID) VALUES (234567890, 'S088');
--INSERT INTO CARES_FOR (Emp_ID, Spc_ID) VALUES (234567890, 'S089');
--INSERT INTO CARES_FOR (Emp_ID, Spc_ID) VALUES (234567890, 'S090');
--INSERT INTO CARES_FOR (Emp_ID, Spc_ID) VALUES (234567890, 'S091');
--INSERT INTO CARES_FOR (Emp_ID, Spc_ID) VALUES (234567890, 'S092');
--INSERT INTO CARES_FOR (Emp_ID, Spc_ID) VALUES (234567890, 'S093');
--INSERT INTO CARES_FOR (Emp_ID, Spc_ID) VALUES (234567890, 'S094');
--INSERT INTO CARES_FOR (Emp_ID, Spc_ID) VALUES (234567890, 'S095');
--INSERT INTO CARES_FOR (Emp_ID, Spc_ID) VALUES (234567890, 'S096');
--INSERT INTO CARES_FOR (Emp_ID, Spc_ID) VALUES (234567890, 'S097');
--INSERT INTO CARES_FOR (Emp_ID, Spc_ID) VALUES (234567890, 'S098');
--INSERT INTO CARES_FOR (Emp_ID, Spc_ID) VALUES (234567890, 'S099');
--INSERT INTO CARES_FOR (Emp_ID, Spc_ID) VALUES (234567890, 'S100');

--INSERT INTO ANIMAL_SHOW (Child_Price,Adult_Price,Senior_Price,Shows_Per_Day,RevenueTypes_ID) VALUES (10,20,15,3,'RT112');

--INSERT INTO PARTICIPATES_IN (Spc_ID,RevenueTypes_ID,Num_spc_req) VALUES ('S037','RT112',2);
--INSERT INTO PARTICIPATES_IN (Spc_ID,RevenueTypes_ID,Num_spc_req) VALUES ('S076','RT112',1);
--INSERT INTO PARTICIPATES_IN (Spc_ID,RevenueTypes_ID,Num_spc_req) VALUES ('S092','RT112',2);
--INSERT INTO PARTICIPATES_IN (Spc_ID,RevenueTypes_ID,Num_spc_req) VALUES ('S016','RT112',2);
--INSERT INTO PARTICIPATES_IN (Spc_ID,RevenueTypes_ID,Num_spc_req) VALUES ('S036','RT112',2);






